,Country Name,Country Code,Region,Year,GDP (current US$),GDP growth (annual %),GDP per capita (current US$),GDP per capita growth (annual %),Population growth (annual %),"Population, total"
0,Australia,AUS,East Asia & Pacific,2009,928762122698.05,1.89257360858259,42816.5674002829,-0.185773152884209,2.06083316277243,21691653.0
1,Australia,AUS,East Asia & Pacific,2010,1148890200292.42,2.22653807797504,52147.0241942843,0.648500068252503,1.55570626204128,22031750.0
2,Australia,AUS,East Asia & Pacific,2011,1398701323029.63,2.40897178005686,62609.6607161044,0.995812001601593,1.38952731561803,22340024.0
3,Australia,AUS,East Asia & Pacific,2012,1547649835732.89,3.91840962538336,68078.0442283168,2.11992606815087,1.74582000067359,22733465.0
4,Australia,AUS,East Asia & Pacific,2013,1577301840200.01,2.60619844706027,68198.4193446869,0.85530140286312,1.721151439989,23128129.0
5,Australia,AUS,East Asia & Pacific,2014,1468597690006.22,2.60740103188527,62558.2438786332,1.08830078150544,1.49156648912847,23475686.0
6,Australia,AUS,East Asia & Pacific,2015,1351768945139.11,2.20181015336807,56758.8692027821,0.741438843604087,1.43921665259925,23815995.0
7,Australia,AUS,East Asia & Pacific,2016,1207580901578.72,2.77914262537222,49918.7939327254,1.18626585064179,1.56194049810399,24190907.0
8,Australia,AUS,East Asia & Pacific,2017,1326882104817.0,2.31870938698817,53954.553494614,0.647495218504773,1.64682779735017,24592588.0
9,Australia,AUS,East Asia & Pacific,2018,1429733668185.91,2.90636311509867,57273.5204750079,1.37834535331957,1.49599671041328,24963258.0
10,Australia,AUS,East Asia & Pacific,2019,1394671325960.57,2.1811091061096,55049.571919719,0.682490945150491,1.47749071058438,25334826.0
11,Australia,AUS,East Asia & Pacific,2020,1330381544909.3,-0.33468635945016,51868.2475567823,-1.55643630102695,1.23342825131378,25649248.0
12,Australia,AUS,East Asia & Pacific,2021,1559033756285.13,2.11183088925151,60697.2454358579,1.96806164574946,0.14089508329287,25685412.0
13,Australia,AUS,East Asia & Pacific,2022,1692956646855.7,4.26894639349867,65077.676668821,2.95032558403243,1.27269881377618,26014399.0
14,Australia,AUS,East Asia & Pacific,2023,1723827215334.71,3.01698810357014,64711.7656030565,0.603284935712949,2.37089971050094,26638544.0
15,Austria,AUT,Europe & Central Asia,2009,401758735822.211,-3.76457817791677,48153.3240199631,-4.01634004211772,0.261953189906348,8343323.0
16,Austria,AUT,Europe & Central Asia,2010,392275107258.667,1.83709367680054,46903.7615854343,1.59257712849987,0.240394299500766,8363404.0
17,Austria,AUT,Europe & Central Asia,2011,431685217367.511,2.92279728368581,51442.2762464407,2.57644831811446,0.337080841831645,8391643.0
18,Austria,AUT,Europe & Central Asia,2012,409401816050.531,0.680445576816723,48564.9173350875,0.222450576943075,0.45593747231891,8429991.0
19,Austria,AUT,Europe & Central Asia,2013,430190979705.962,0.0255047121972183,50731.1272541847,-0.562298942527448,0.589387254692989,8479823.0
20,Austria,AUT,Europe & Central Asia,2014,442584815286.034,0.661272848852605,51786.3771747905,-0.122370667337563,0.781541632525841,8546356.0
21,Austria,AUT,Europe & Central Asia,2015,381971148530.543,1.01450158590511,44195.8175947748,-0.111540189504495,1.12099250236958,8642699.0
22,Austria,AUT,Europe & Central Asia,2016,395837353031.499,1.98943716230463,45307.5878620429,0.892469139632297,1.08139629872802,8736668.0
23,Austria,AUT,Europe & Central Asia,2017,417261151844.977,2.25857243250671,47429.1584564387,1.55072408627153,0.694621103604983,8797566.0
24,Austria,AUT,Europe & Central Asia,2018,454991174096.102,2.42538536088061,51466.5565633634,1.92771305987296,0.487071924768999,8840521.0
25,Austria,AUT,Europe & Central Asia,2019,444596155845.254,1.45052918393192,50067.5857265892,1.00040695317784,0.444673639004876,8879920.0
26,Austria,AUT,Europe & Central Asia,2020,435049316955.737,-6.63299143662553,48789.4978498872,-7.01982595202976,0.415176731565556,8916864.0
27,Austria,AUT,Europe & Central Asia,2021,479295362747.047,4.23786673253257,53517.8904509612,3.78471969654039,0.435671684056384,8955797.0
28,Austria,AUT,Europe & Central Asia,2022,470941926750.741,4.80643020178459,52084.6811953372,3.80895606240934,0.956287797076634,9041851.0
29,Austria,AUT,Europe & Central Asia,2023,516034144115.95,-0.828815088963225,56505.9682796867,-1.81192822738132,0.996275813585943,9132383.0
30,Belgium,BEL,Europe & Central Asia,2009,483254171097.812,-2.02074306169408,44760.2912443709,-2.80592074025158,0.804599572619861,10796493.0
31,Belgium,BEL,Europe & Central Asia,2010,481420882905.001,2.86429270764155,44184.946353964,1.928764195703,0.913639391631709,10895586.0
32,Belgium,BEL,Europe & Central Asia,2011,523330354138.133,1.69451389861332,47410.5669277464,0.38003456979618,1.3010029017038,11038264.0
33,Belgium,BEL,Europe & Central Asia,2012,496152879924.727,0.739217283058679,44670.5606845101,0.11640257847661,0.620163579337378,11106932.0
34,Belgium,BEL,Europe & Central Asia,2013,521791015247.06,0.459242192907709,46757.9518559598,-0.0131483860964465,0.471340143966627,11159407.0
35,Belgium,BEL,Europe & Central Asia,2014,535390200131.018,1.57853314322614,47764.0715120833,1.12859572471172,0.44392928847521,11209057.0
36,Belgium,BEL,Europe & Central Asia,2015,462335574841.484,2.04145900919961,41008.296719472,1.45189336758756,0.579446241677791,11274196.0
37,Belgium,BEL,Europe & Central Asia,2016,476062757356.927,1.26668640902095,42012.6227191016,0.755268919102846,0.506300002451376,11331422.0
38,Belgium,BEL,Europe & Central Asia,2017,502764720556.354,1.6195802783878,44198.4823908691,1.22886623616918,0.385228018372369,11375158.0
39,Belgium,BEL,Europe & Central Asia,2018,543299066998.902,1.79294519302076,47544.9811472757,1.33065222724522,0.455184695275022,11427054.0
40,Belgium,BEL,Europe & Central Asia,2019,535865804349.803,2.24083533103139,46641.7214017087,1.68975368856101,0.540461327098122,11488980.0
41,Belgium,BEL,Europe & Central Asia,2020,526021513474.243,-5.30447336526071,45587.968308319,-5.71172980752377,0.430996815099722,11538604.0
42,Belgium,BEL,Europe & Central Asia,2021,600904461226.347,6.92798360287613,51863.8311565054,6.48877041272659,0.411601996532257,11586195.0
43,Belgium,BEL,Europe & Central Asia,2022,583613982019.263,3.01472197492703,49942.0906424887,2.13654407577337,0.856132433382837,11685814.0
44,Belgium,BEL,Europe & Central Asia,2023,632216577075.109,1.36505523054922,53475.2934952935,0.192342045122217,1.16366497533437,11822592.0
45,Canada,CAN,North America,2009,1374625142157.29,-2.91508623949733,40874.8831932903,-4.02008812114738,1.14470768476526,33630069.0
46,Canada,CAN,North America,2010,1617343367486.26,3.09080637403602,47560.6666009406,1.95144747592553,1.11135202971694,34005902.0
47,Canada,CAN,North America,2011,1793326630174.52,3.13719438973661,52223.8588398531,2.13607713967458,0.97540725097113,34339221.0
48,Canada,CAN,North America,2012,1828366481521.6,1.75566132540601,52670.3447335415,0.658841990369126,1.08374652233653,34713395.0
49,Canada,CAN,North America,2013,1846597421834.98,2.32581357393478,52638.1187235237,1.25359012904651,1.05338098055318,35080992.0
50,Canada,CAN,North America,2014,1805749878439.94,2.87346677184995,50960.8431174661,1.8484095174269,1.00142284689661,35434066.0
51,Canada,CAN,North America,2015,1556508816217.14,0.649970993709132,43594.1941045394,-0.112369172949158,0.760300145238936,35704498.0
52,Canada,CAN,North America,2016,1527994741907.43,1.03855093491798,42314.0615817218,-0.0982963525159875,1.13153974027004,36110803.0
53,Canada,CAN,North America,2017,1649265644244.09,3.03383490260789,45129.628116623,1.80946446279282,1.19543575451553,36545075.0
54,Canada,CAN,North America,2018,1725329192783.02,2.74296343112555,46539.1761570405,1.28092657904244,1.43322615679352,37072620.0
55,Canada,CAN,North America,2019,1743725183672.52,1.9084319253883,46352.8693445211,0.42965758108582,1.46171259938134,37618495.0
56,Canada,CAN,North America,2020,1655684730000.19,-5.03823344128351,43537.839298904,-6.06240642959015,1.08436897113225,38028638.0
57,Canada,CAN,North America,2021,2007472181464.15,5.28695689105889,52496.8441693242,4.70538205187351,0.553902422386893,38239864.0
58,Canada,CAN,North America,2022,2161483369422.01,3.81986633913397,55509.393176404,1.95567065895641,1.81192255344382,38939056.0
59,Canada,CAN,North America,2023,2140085567791.45,1.06599445256434,53371.6974319701,-1.85450959009675,2.93227401162387,40097761.0
60,Chile,CHL,Latin America & Caribbean,2009,171777900623.177,-1.1180372326977,10204.5588537616,-2.1283005713077,1.02694120751704,16833447.0
61,Chile,CHL,Latin America & Caribbean,2010,217051209240.298,5.85165101730949,12764.5931178671,4.78894268723008,1.0090337555584,17004162.0
62,Chile,CHL,Latin America & Caribbean,2011,251382573885.594,6.22389678693851,14637.7561550875,5.17603699803075,0.991361115471139,17173573.0
63,Chile,CHL,Latin America & Caribbean,2012,267024782480.28,6.15534002096459,15397.7804504673,5.12573837988386,0.974635115583974,17341771.0
64,Chile,CHL,Latin America & Caribbean,2013,277395018837.366,3.30850824469113,15842.159166151,2.31640011770726,0.964976309009339,17509925.0
65,Chile,CHL,Latin America & Caribbean,2014,259560978231.552,1.79264947361806,14675.1508630779,0.772927820327766,1.00681495918115,17687108.0
66,Chile,CHL,Latin America & Caribbean,2015,242450355827.827,2.15194249853634,13567.3572174332,1.10575838093806,1.02942555374852,17870124.0
67,Chile,CHL,Latin America & Caribbean,2016,249344863933.461,1.75303874553305,13788.2400083224,0.550297851444384,1.18906102612278,18083879.0
68,Chile,CHL,Latin America & Caribbean,2017,276154259987.103,1.35769537797211,15034.0584350711,-0.213266442244986,1.56205545588869,18368577.0
69,Chile,CHL,Latin America & Caribbean,2018,295857562991.709,3.99002947521676,15820.0333659534,2.13907818098535,1.79596279901203,18701450.0
70,Chile,CHL,Latin America & Caribbean,2019,278285058719.466,0.634367533828438,14616.2072513761,-1.15233722364255,1.7913919716665,19039485.0
71,Chile,CHL,Latin America & Caribbean,2020,254042159309.311,-6.14347479224092,13162.5913519707,-7.41187882968487,1.36064363430941,19300315.0
72,Chile,CHL,Latin America & Caribbean,2021,315515014838.539,11.3339570691911,16185.9147709548,10.2323992648849,0.994344898418259,19493184.0
73,Chile,CHL,Latin America & Caribbean,2022,302116539409.03,2.05874008095333,15411.1739539112,1.48321236604264,0.565514127974157,19603733.0
74,Chile,CHL,Latin America & Caribbean,2023,335533331669.219,0.218780666901552,17093.2419713921,0.0867678733738302,0.131811438677878,19629590.0
75,Colombia,COL,Latin America & Caribbean,2009,232468663109.594,1.13964864548062,5245.95158468149,0.0016622794089613,1.13154130595269,44313917.0
76,Colombia,COL,Latin America & Caribbean,2010,286498534094.963,4.49465897070922,6392.75802564031,3.32373450571197,1.12688471543895,44816108.0
77,Colombia,COL,Latin America & Caribbean,2011,334966134804.887,6.94789198173555,7392.94359822972,5.78469976561988,1.09358307436582,45308899.0
78,Colombia,COL,Latin America & Caribbean,2012,370691143018.039,3.91263576716115,8096.80150827421,2.83788902621922,1.03966499994087,45782417.0
79,Colombia,COL,Latin America & Caribbean,2013,382093697077.685,5.13399351995672,8263.64192942212,4.09826590865887,0.990034781454962,46237930.0
80,Colombia,COL,Latin America & Caribbean,2014,381240864422.406,4.49903000110972,8167.47284156277,3.51395347912819,0.947136923375947,46677947.0
81,Colombia,COL,Latin America & Caribbean,2015,293492370193.166,2.95590137527523,6228.65162110371,1.9906164936335,0.941994067106625,47119728.0
82,Colombia,COL,Latin America & Caribbean,2016,282720100286.228,2.08738250162794,5936.26102166829,1.0022727252119,1.068611890834,47625955.0
83,Colombia,COL,Latin America & Caribbean,2017,311866875156.879,1.35936086788746,6449.97098770131,-0.161953874918439,1.51228960592288,48351671.0
84,Colombia,COL,Latin America & Caribbean,2018,334198218098.276,2.56432428277704,6782.03792028237,0.638439615993107,1.89558675057496,49276961.0
85,Colombia,COL,Latin America & Caribbean,2019,323031701192.84,3.18685539245533,6436.50921493811,1.31495237842461,1.83074694246543,50187406.0
86,Colombia,COL,Latin America & Caribbean,2020,270348342541.465,-7.18591413760859,5308.16470717512,-8.54039537725433,1.47010203160178,50930662.0
87,Colombia,COL,Latin America & Caribbean,2021,318524633225.395,10.8011981904878,6182.9559438651,9.54105155997694,1.14382091580962,51516562.0
88,Colombia,COL,Latin America & Caribbean,2022,345329875078.512,7.2888838865514,6657.08669677355,6.54956011610601,0.691481571303501,51874024.0
89,Colombia,COL,Latin America & Caribbean,2023,363540156234.868,0.612181322079849,6979.72513470377,0.204317447798601,0.406206101195742,52085168.0
90,Costa Rica,CRI,Latin America & Caribbean,2009,30745714312.9905,-0.87345594081205,6737.8607505315,-2.20305716727071,1.35039395502168,4563127.0
91,Costa Rica,CRI,Latin America & Caribbean,2010,37658614803.848,5.36034347694341,8147.24398493375,4.01263887146661,1.2873898093698,4622252.0
92,Costa Rica,CRI,Latin America & Caribbean,2011,42762613699.9524,4.40315923935717,9137.4551007756,3.11652611610467,1.24002656207939,4679926.0
93,Costa Rica,CRI,Latin America & Caribbean,2012,47231655431.1389,4.88259241031079,9971.65165576585,3.62781247373715,1.20358030533586,4736593.0
94,Costa Rica,CRI,Latin America & Caribbean,2013,50949668840.8692,2.49476611386375,10633.2665504623,1.31951278902569,1.1532718484809,4791535.0
95,Costa Rica,CRI,Latin America & Caribbean,2014,52016408951.8225,3.54210987593986,10737.6788811529,2.41456400701435,1.09494595424381,4844288.0
96,Costa Rica,CRI,Latin America & Caribbean,2015,56441920821.0806,3.65208096806472,11529.9551730192,2.57317861070491,1.04634340433544,4895242.0
97,Costa Rica,CRI,Latin America & Caribbean,2016,58847019609.6549,4.20432325432709,11899.8139833748,3.15151339047799,1.01547072688832,4945205.0
98,Costa Rica,CRI,Latin America & Caribbean,2017,60516044657.2254,4.15769896239459,12118.1336248174,3.14326598585389,0.978713315995535,4993842.0
99,Costa Rica,CRI,Latin America & Caribbean,2018,62420164991.5374,2.61590440285156,12383.1499522763,1.66130830846163,0.934615300864476,5040734.0
100,Costa Rica,CRI,Latin America & Caribbean,2019,64417670521.1842,2.41751181706449,12669.3411549351,1.53529056591222,0.865128346659953,5084532.0
101,Costa Rica,CRI,Latin America & Caribbean,2020,62395610760.3912,-4.27335432054194,12179.2566735195,-4.99410158295288,0.755771068349343,5123105.0
102,Costa Rica,CRI,Latin America & Caribbean,2021,64960725734.1965,7.9357622471191,12604.0488374654,7.28965011679902,0.600406861056438,5153957.0
103,Costa Rica,CRI,Latin America & Caribbean,2022,69243626028.5936,4.55149177958398,13365.3563992546,4.00920256542521,0.520031291578434,5180829.0
104,Costa Rica,CRI,Latin America & Caribbean,2023,86497941439.0174,5.11192183224598,16595.3703837185,4.47981923743382,0.603176926750417,5212173.0
105,Czechia,CZE,Europe & Central Asia,2009,207434296805.33,-4.65733109171755,19861.6974295256,-5.19898191898565,0.569729451418061,10443936.0
106,Czechia,CZE,Europe & Central Asia,2010,209069940963.177,2.43490215904518,19960.0684872157,2.13688048446924,0.29136167418042,10474410.0
107,Czechia,CZE,Europe & Central Asia,2011,229562733398.948,1.76035962445222,21871.2660754128,1.55018979013502,0.206747667335417,10496088.0
108,Czechia,CZE,Europe & Central Asia,2012,208857719320.649,-0.785004299003617,19870.8012123403,-0.923734450159557,0.139925655740972,10510785.0
109,Czechia,CZE,Europe & Central Asia,2013,211685616592.931,-0.0459036735515213,20133.1691431353,-0.079052895284633,0.0331699460503076,10514272.0
110,Czechia,CZE,Europe & Central Asia,2014,209358834156.329,2.26210289708078,19890.9199056648,2.15450047888164,0.105277581527518,10525347.0
111,Czechia,CZE,Europe & Central Asia,2015,188033050459.881,5.38838083815307,17829.6983223668,5.18140265379816,0.196588748472653,10546059.0
112,Czechia,CZE,Europe & Central Asia,2016,196272068576.338,2.5372845203138,18575.2320271915,2.34055226080498,0.192048415842684,10566332.0
113,Czechia,CZE,Europe & Central Asia,2017,218628940951.675,5.16872430413071,20636.199952435,4.88972204225595,0.265642663548985,10594438.0
114,Czechia,CZE,Europe & Central Asia,2018,249000540729.179,3.22008806955105,23424.4804601855,2.87546852691743,0.334427262299794,10629928.0
115,Czechia,CZE,Europe & Central Asia,2019,252548179964.897,3.02987866345279,23664.8478631108,2.62495626738699,0.393788864202175,10671870.0
116,Czechia,CZE,Europe & Central Asia,2020,245974558654.043,-5.50296796125089,22992.8793833348,-5.73252689432169,0.243222682211879,10697858.0
117,Czechia,CZE,Europe & Central Asia,2021,281791218507.1,3.55302130899085,26822.5141862111,5.4463696180117,-1.81187141002542,10505772.0
118,Czechia,CZE,Europe & Central Asia,2022,290565654835.809,2.35100353961535,27226.6156386023,0.75566135591751,1.5709725672011,10672118.0
119,Czechia,CZE,Europe & Central Asia,2023,330858339871.686,-0.311479452106369,30427.4234688601,-2.15945531157405,1.87114719000125,10873689.0
120,Denmark,DNK,Europe & Central Asia,2009,321241303699.006,-4.90654772965155,58163.2768762815,-5.4140139985128,0.535079062079429,5523095.0
121,Denmark,DNK,Europe & Central Asia,2010,321995279401.502,1.87099114718497,58041.3984363385,1.41948663073603,0.444197154509531,5547683.0
122,Denmark,DNK,Europe & Central Asia,2011,344003137611.271,1.33677776690328,61753.647131977,0.920393685285319,0.411737855195019,5570572.0
123,Denmark,DNK,Europe & Central Asia,2012,327148943812.137,0.226499791802965,58507.5080517852,-0.149916088315891,0.376272242619955,5591572.0
124,Denmark,DNK,Europe & Central Asia,2013,343584391647.927,0.933340972371226,61191.1937042028,0.513424427502201,0.416901360752097,5614932.0
125,Denmark,DNK,Europe & Central Asia,2014,352993631617.708,1.61939381103033,62548.9847332908,1.10543346611018,0.507053283010163,5643475.0
126,Denmark,DNK,Europe & Central Asia,2015,302673070846.857,2.34259110757047,53254.8563700916,1.62216625804921,0.706423849687002,5683483.0
127,Denmark,DNK,Europe & Central Asia,2016,313115929314.339,3.24595698524396,54663.9983719195,2.44336887407064,0.780392644135167,5728010.0
128,Denmark,DNK,Europe & Central Asia,2017,332121063806.391,2.82173634129026,57610.0981801135,2.16235511316154,0.643350903737356,5764980.0
129,Denmark,DNK,Europe & Central Asia,2018,356841216410.068,1.98953731496432,61591.9288698958,1.4850851572351,0.495838925879129,5793636.0
130,Denmark,DNK,Europe & Central Asia,2019,346498737961.635,1.49348695853648,59592.9806886454,1.13065749415978,0.358130915892652,5814422.0
131,Denmark,DNK,Europe & Central Asia,2020,354762748338.661,-2.42451267861938,60836.5924121638,-2.70866841979111,0.291641177476633,5831404.0
132,Denmark,DNK,Europe & Central Asia,2021,405687998852.691,6.84452190183443,69268.6517983134,6.38244434165682,0.433414489409722,5856733.0
133,Denmark,DNK,Europe & Central Asia,2022,400167196948.707,2.73117445421431,67790.0539923276,1.92534106676851,0.787502464739957,5903037.0
134,Denmark,DNK,Europe & Central Asia,2023,404198757537.974,1.88961038591202,67967.3818685562,1.13721113330374,0.741185515720057,5946952.0
135,Estonia,EST,Europe & Central Asia,2009,19633031397.6104,-14.6290550324223,14711.7352728223,-14.4643283839458,-0.192768077420229,1334515.0
136,Estonia,EST,Europe & Central Asia,2010,19523477325.6235,2.44426511799784,14663.0446126465,2.67816403908816,-0.22805796852935,1331475.0
137,Estonia,EST,Europe & Central Asia,2011,23213994093.4631,7.26308458128695,17487.8047830922,7.58921166461815,-0.303582823643979,1327439.0
138,Estonia,EST,Europe & Central Asia,2012,23019150071.1867,3.22820049358981,17403.2053254767,3.59836215956679,-0.357944411443807,1322696.0
139,Estonia,EST,Europe & Central Asia,2013,25115753366.1114,1.45842863615992,19056.0019226989,1.82015416069549,-0.355891802625531,1317997.0
140,Estonia,EST,Europe & Central Asia,2014,26634083965.0987,3.01136658651455,20261.0667303886,3.28187481366284,-0.262256175097854,1314545.0
141,Estonia,EST,Europe & Central Asia,2015,22890762090.1508,1.85302004629342,17402.0376128079,1.78627469426176,0.0655525295417938,1315407.0
142,Estonia,EST,Europe & Central Asia,2016,24072829276.7744,3.15556481438308,18295.3429322114,3.12553830458751,0.0291122255540077,1315790.0
143,Estonia,EST,Europe & Central Asia,2017,26924385103.0659,5.79204467466494,20437.765376736,5.66403908236126,0.121070631466687,1317384.0
144,Estonia,EST,Europe & Central Asia,2018,30624720196.229,3.78420084952826,23165.8494786437,3.42361905839128,0.348039137980543,1321977.0
145,Estonia,EST,Europe & Central Asia,2019,31290453293.545,4.03368839094283,23581.656836882,3.64786387348042,0.371554389037477,1326898.0
146,Estonia,EST,Europe & Central Asia,2020,31330419851.1487,-0.965410617081545,23565.1759437969,-1.16086940794079,0.197559185177642,1329522.0
147,Estonia,EST,Europe & Central Asia,2021,36864792511.6351,7.2493263542448,27698.4793450267,7.13570556057577,0.105996956310127,1330932.0
148,Estonia,EST,Europe & Central Asia,2022,37921480881.5429,-0.461002668410416,28114.1431760201,-1.78254144559237,1.33655151148286,1348840.0
149,Estonia,EST,Europe & Central Asia,2023,40744848827.9537,-3.00559012612986,29823.7496069016,-4.23723542128097,1.27794159737588,1366188.0
150,France,FRA,Europe & Central Asia,2009,2700887366932.03,-2.87331382849632,41737.7635518137,-3.37039728344887,0.513102876178491,64710879.0
151,France,FRA,Europe & Central Asia,2010,2645187882116.67,1.94943762312663,40676.0647913181,1.44824526229692,0.492821125690305,65030575.0
152,France,FRA,Europe & Central Asia,2011,2865157541994.17,2.19270063266654,43846.4660764798,1.70061040175906,0.482694781758347,65345233.0
153,France,FRA,Europe & Central Asia,2012,2683671716967.19,0.313134751077172,40870.8523645734,-0.171161336111382,0.483953489768883,65662240.0
154,France,FRA,Europe & Central Asia,2013,2811876903329.03,0.576326674771792,42602.7179652667,0.0581495050462166,0.516539661307546,66002289.0
155,France,FRA,Europe & Central Asia,2014,2855964488590.19,0.956183052371557,43068.5487241739,0.484564448270447,0.46824634207038,66312067.0
156,France,FRA,Europe & Central Asia,2015,2439188643162.5,1.1129123405747,36652.9223052178,0.754024352327519,0.355569240058298,66548272.0
157,France,FRA,Europe & Central Asia,2016,2472964344587.17,1.09546440372048,37062.5335723829,0.829056664516742,0.263868788565368,66724104.0
158,France,FRA,Europe & Central Asia,2017,2595151045197.65,2.29141999417021,38781.0494870836,1.99499844733441,0.29020211635109,66918020.0
159,France,FRA,Europe & Central Asia,2018,2790956878746.66,1.86506607081999,41557.8548588876,1.50053912327405,0.358494581816163,67158348.0
160,France,FRA,Europe & Central Asia,2019,2728870246705.88,1.84297181445896,40494.8982936276,1.49589898756051,0.341374143157509,67388001.0
161,France,FRA,Europe & Central Asia,2020,2647418691598.45,-7.54045916249407,39179.7442596057,-7.7910085087493,0.271350507669993,67571107.0
162,France,FRA,Europe & Central Asia,2021,2959355819170.5,6.43520962104938,43671.3084099631,6.13176131597774,0.285508618638434,67764304.0
163,France,FRA,Europe & Central Asia,2022,2779092236505.85,2.45475817660707,40886.2532680273,2.14273164932905,0.305015246719983,67971311.0
164,France,FRA,Europe & Central Asia,2023,3030904089607.9,0.703718546620237,44460.8178457009,0.409870599065499,0.292221085514903,68170228.0
165,Germany,DEU,Europe & Central Asia,2009,3411261212652.34,-5.69383633640285,41650.3678297162,-5.45457716940945,-0.253383410163402,81902307.0
166,Germany,DEU,Europe & Central Asia,2010,3399667820000.01,4.17988249873657,41572.4559481507,4.33960677706354,-0.153198446937304,81776930.0
167,Germany,DEU,Europe & Central Asia,2011,3749314991050.59,3.92519270463411,46705.8957963353,5.86963573749217,-1.8537146287573,80274983.0
168,Germany,DEU,Europe & Central Asia,2012,3527143188785.16,0.418497594217598,43855.8544658618,0.230160992711959,0.187727800567293,80425823.0
169,Germany,DEU,Europe & Central Asia,2013,3733804649549.03,0.437591303144671,46298.9229177341,0.163870562978019,0.272900214681538,80645605.0
170,Germany,DEU,Europe & Central Asia,2014,3889093051023.52,2.20954343134872,48023.8699845462,1.7843418861469,0.416877359168292,80982500.0
171,Germany,DEU,Europe & Central Asia,2015,3357585719351.56,1.49193152760772,41103.2564363768,0.617105353219898,0.865702643950251,81686611.0
172,Germany,DEU,Europe & Central Asia,2016,3469853463945.53,2.22999986782015,42136.1207907991,1.40810207548923,0.807218538573871,82348669.0
173,Germany,DEU,Europe & Central Asia,2017,3690849152517.65,2.68023111405891,44652.5891722719,2.29720604740949,0.373724559895838,82657002.0
174,Germany,DEU,Europe & Central Asia,2018,3974443355019.6,0.981232606004738,47939.2782884504,0.678212594110718,0.300526701992065,82905782.0
175,Germany,DEU,Europe & Central Asia,2019,3889177589254.9,1.07547163576423,46805.1384334439,0.847783197111852,0.22551987421288,83092962.0
176,Germany,DEU,Europe & Central Asia,2020,3887727161914.41,-3.82676871619293,46749.4762280016,-3.90530358342936,0.0816931586494595,83160871.0
177,Germany,DEU,Europe & Central Asia,2021,4278503934689.85,3.16381994194575,51426.7503654421,3.12016297281919,0.0423270572552137,83196078.0
178,Germany,DEU,Europe & Central Asia,2022,4082469490797.68,1.80620896724351,48717.9911402128,1.07495188724516,0.720875455989295,83797985.0
179,Germany,DEU,Europe & Central Asia,2023,4456081016705.96,-0.304934575740816,52745.7557064131,-1.11243585596384,0.813269249881238,84482267.0
180,Greece,GRC,Europe & Central Asia,2009,331308500253.274,-4.30073348668201,29828.7560245271,-4.55211707597449,0.263026401346927,11107017.0
181,Greece,GRC,Europe & Central Asia,2010,297124961971.501,-5.47780804926842,26716.6488260274,-5.5995501914707,0.128880432668041,11121341.0
182,Greece,GRC,Europe & Central Asia,2011,282995942006.557,-10.1493148298685,25483.8825644931,-10.0162812051982,-0.147951277402184,11104899.0
183,Greece,GRC,Europe & Central Asia,2012,242029307133.408,-7.08669678638024,21912.9982879517,-6.58290444947292,-0.540752950543684,11045011.0
184,Greece,GRC,Europe & Central Asia,2013,238907690051.13,-2.51599722189651,21787.7877636035,-1.80655137341328,-0.725120806658085,10965211.0
185,Greece,GRC,Europe & Central Asia,2014,235458133124.608,0.475695947137041,21616.7100094908,1.14721195681824,-0.666113290031891,10892413.0
186,Greece,GRC,Europe & Central Asia,2015,195683527003.375,-0.196087629724133,18083.8779056547,0.463652786270188,-0.658861360878339,10820883.0
187,Greece,GRC,Europe & Central Asia,2016,193148146586.933,-0.487173294301954,17923.9668134716,-0.0724245841387301,-0.415913028277122,10775971.0
188,Greece,GRC,Europe & Central Asia,2017,199844406013.531,1.09214912017283,18582.0893411631,1.29229029026882,-0.197783224759792,10754679.0
189,Greece,GRC,Europe & Central Asia,2018,212049447242.111,1.66842863602514,19756.990456255,1.87490316346144,-0.202880238259165,10732882.0
190,Greece,GRC,Europe & Central Asia,2019,205252760889.364,1.87948998590817,19143.8876174584,1.98686576653837,-0.105339392724138,10721582.0
191,Greece,GRC,Europe & Central Asia,2020,188480337285.605,-9.31643576478743,17617.2915057014,-9.1216270466723,-0.214592106571664,10698599.0
192,Greece,GRC,Europe & Central Asia,2021,214667807441.202,8.37994378358083,20310.6824798873,9.70676969266229,-1.21680248998544,10569207.0
193,Greece,GRC,Europe & Central Asia,2022,217581324512.059,5.55728707963308,20867.2690861087,6.99774473198337,-1.35539459324563,10426919.0
194,Greece,GRC,Europe & Central Asia,2023,238206312632.528,2.01152094343999,22990.0135680461,2.65761817842774,-0.631359846394221,10361295.0
195,Hungary,HUN,Europe & Central Asia,2009,131069255620.567,-6.59786721850169,13077.305465178,-6.45306695717771,-0.154908813950621,10022650.0
196,Hungary,HUN,Europe & Central Asia,2010,132175349953.713,1.0762540427767,13217.5045951108,1.30495875677843,-0.226013875689698,10000023.0
197,Hungary,HUN,Europe & Central Asia,2011,141942264554.475,1.86683747544298,14234.471576937,2.15589713714503,-0.283360435946948,9971727.0
198,Hungary,HUN,Europe & Central Asia,2012,128814279315.132,-1.25022602347063,12984.8365730133,-0.738925917657525,-0.516437606548041,9920362.0
199,Hungary,HUN,Europe & Central Asia,2013,135684315697.713,1.80252210082266,13715.0703590361,2.0832407689698,-0.27536875707442,9893082.0
200,Hungary,HUN,Europe & Central Asia,2014,141033843265.669,4.23220980614269,14294.2584180751,4.51336776781454,-0.269378767165116,9866468.0
201,Hungary,HUN,Europe & Central Asia,2015,125174166987.372,3.7073159793626,12717.038597002,3.95428261265434,-0.237855001984657,9843028.0
202,Hungary,HUN,Europe & Central Asia,2016,128609822750.039,2.20100189293856,13104.6995457458,2.50305336152638,-0.295110604845478,9814023.0
203,Hungary,HUN,Europe & Central Asia,2017,143112196040.326,4.27197601620695,14621.2395956755,4.54956329828929,-0.265860932255517,9787966.0
204,Hungary,HUN,Europe & Central Asia,2018,160565642983.587,5.36234836176223,16425.2050299693,5.49601879186557,-0.126786951652838,9775564.0
205,Hungary,HUN,Europe & Central Asia,2019,164020460331.659,4.86422573511891,16786.2136399075,4.91169352525995,-0.0452557101106228,9771141.0
206,Hungary,HUN,Europe & Central Asia,2020,157288955508.176,-4.48704604765308,16131.9540355923,-4.28140735132469,-0.215067837129585,9750149.0
207,Hungary,HUN,Europe & Central Asia,2021,182109999477.691,7.06122060972912,18755.1023464312,7.50510516201774,-0.413751024472153,9709891.0
208,Hungary,HUN,Europe & Central Asia,2022,177006128624.627,4.58340767295068,18355.8278072065,5.30835156196619,-0.690781547965424,9643048.0
209,Hungary,HUN,Europe & Central Asia,2023,212388906458.724,-0.907685956140242,22147.2097290479,-0.358217423964163,-0.552969965032594,9589872.0
210,Iceland,ISL,Europe & Central Asia,2009,13154414219.207,-7.66380956025947,41301.273219718,-7.9783624054085,0.341241978970882,318499.0
211,Iceland,ISL,Europe & Central Asia,2010,13751161917.7398,-2.83277491540855,43237.0729488958,-2.6928477076311,-0.143903000294037,318041.0
212,Iceland,ISL,Europe & Central Asia,2011,15221622925.9319,1.84577915624217,47714.5922308485,1.53514719927782,0.305468368224399,319014.0
213,Iceland,ISL,Europe & Central Asia,2012,14751508133.5443,1.06363660743763,45995.5478789467,0.527304433471059,0.532100734916982,320716.0
214,Iceland,ISL,Europe & Central Asia,2013,16125060515.3117,4.55246032015107,49804.9829978371,3.56817578247606,0.945885900369151,323764.0
215,Iceland,ISL,Europe & Central Asia,2014,17867662177.8911,1.68721501750642,54576.7448146565,0.562209388696971,1.11250475522796,327386.0
216,Iceland,ISL,Europe & Central Asia,2015,17517210519.0912,4.43666371937172,52951.6815110898,3.35414533328364,1.04194038662969,330815.0
217,Iceland,ISL,Europe & Central Asia,2016,20793168030.9524,6.30368710650176,61987.9263620283,4.83829921427557,1.38808149583838,335439.0
218,Iceland,ISL,Europe & Central Asia,2017,24728285177.4603,4.19494882908376,72010.1490316258,1.7794101347671,2.34558267643862,343400.0
219,Iceland,ISL,Europe & Central Asia,2018,26260850582.0687,4.88917299486545,74452.1890731447,2.11737323957688,2.67814276922904,352721.0
220,Iceland,ISL,Europe & Central Asia,2019,24681343649.2952,1.86117794293874,68452.23622306,-0.354233392746096,2.19893225826166,360563.0
221,Iceland,ISL,Europe & Central Asia,2020,21629953194.0659,-6.94045309489034,59023.5663465778,-8.43869801113058,1.6230862512591,366463.0
222,Iceland,ISL,Europe & Central Asia,2021,25797870984.2963,5.1487154178929,69252.3112431448,3.43904675772384,1.6393166402584,372520.0
223,Iceland,ISL,Europe & Central Asia,2022,28701830401.6837,8.88130774528271,75135.0916136358,6.17839326202336,2.51377343254216,382003.0
224,Iceland,ISL,Europe & Central Asia,2023,31020032583.1972,4.06379899045474,78811.0583922693,0.99767125444788,2.99067031992196,393600.0
225,Ireland,IRL,Europe & Central Asia,2009,236443115853.695,-5.0957831845721,52133.0906162544,-6.05481196628648,1.01566327592341,4535375.0
226,Ireland,IRL,Europe & Central Asia,2010,221913560882.367,1.68297202204354,48663.6004439251,1.1304241269158,0.544884384079014,4560155.0
227,Ireland,IRL,Europe & Central Asia,2011,239170638711.314,1.28075209135081,52219.7057327581,0.840056220177161,0.436072439258428,4580084.0
228,Ireland,IRL,Europe & Central Asia,2012,225118718207.156,-0.129692110994981,48943.8206459561,-0.551990987453394,0.4237438032978,4599533.0
229,Ireland,IRL,Europe & Central Asia,2013,238112475390.796,1.17461437395743,51496.9616850661,0.643273342903683,0.526556158855653,4623816.0
230,Ireland,IRL,Europe & Central Asia,2014,259681883575.706,8.828998727303,55752.7649838131,8.03635788585953,0.731001376585771,4657740.0
231,Ireland,IRL,Europe & Central Asia,2015,292364226871.756,24.4752533362377,62179.2642662951,23.3046934445227,0.944845307474728,4701957.0
232,Ireland,IRL,Europe & Central Asia,2016,298559265006.398,1.76555687937534,62784.0656875694,0.623252100614778,1.12883406399428,4755335.0
233,Ireland,IRL,Europe & Central Asia,2017,337241811320.896,9.31125930624903,70150.7370157965,8.12766876172294,1.08867556062,4807388.0
234,Ireland,IRL,Europe & Central Asia,2018,386693357874.056,8.47029545192876,79446.9391085469,7.13477339709543,1.23887545258946,4867316.0
235,Ireland,IRL,Europe & Central Asia,2019,398933010007.356,5.2977280259237,80848.3019020489,3.86745063863189,1.36762695363797,4934340.0
236,Ireland,IRL,Europe & Central Asia,2020,428608687830.239,6.61719466830968,85973.0884875501,5.52561234818658,1.02911050277336,4985382.0
237,Ireland,IRL,Europe & Central Asia,2021,513391778882.86,15.1252197949572,102001.798249145,14.0322863534396,0.953878183519474,5033164.0
238,Ireland,IRL,Europe & Central Asia,2022,533140011838.276,9.43302211023355,103983.29133582,7.42658177833613,1.8505037841192,5127170.0
239,Ireland,IRL,Europe & Central Asia,2023,545629450403.735,-3.1987859599287,103684.880801837,-5.68600291848209,2.60299259103173,5262382.0
240,Israel,ISR,Middle East & North Africa,2009,211970040942.96,0.883120393565378,28317.0408441487,-1.49960586559654,2.39020733801215,7485600.0
241,Israel,ISR,Middle East & North Africa,2010,238364092298.023,5.66851511790733,31266.6053174383,3.7557370227461,1.82675240987847,7623600.0
242,Israel,ISR,Middle East & North Africa,2011,266791854430.897,5.56113907589013,34354.7161182231,3.6282031289701,1.84807786159597,7765800.0
243,Israel,ISR,Middle East & North Africa,2012,262282344091.849,2.58765384384346,33156.2283157638,0.711105773404924,1.84615132126711,7910500.0
244,Israel,ISR,Middle East & North Africa,2013,297732778479.129,4.41550158737924,36941.8423573582,2.48512008275496,1.86605289478673,8059500.0
245,Israel,ISR,Middle East & North Africa,2014,314330061977.263,3.91912689280952,38259.6810956173,1.94337709417314,1.91954379859591,8215700.0
246,Israel,ISR,Middle East & North Africa,2015,303414276832.04,2.48582628898106,36206.5222171621,0.475269154590265,1.98128897562083,8380100.0
247,Israel,ISR,Middle East & North Africa,2016,322102790386.835,4.52168030880658,37690.4739511859,2.49264371119004,1.9603489624817,8546000.0
248,Israel,ISR,Middle East & North Africa,2017,358245427458.541,4.27659595115593,41114.7817082553,2.27442977959885,1.93872567441099,8713300.0
249,Israel,ISR,Middle East & North Africa,2018,376691526553.276,4.0703218874397,42406.8454263606,2.08447062883643,1.92662286520241,8882800.0
250,Israel,ISR,Middle East & North Africa,2019,402470513619.148,4.15613798897733,44452.2325623093,2.18667357283937,1.90898263957994,9054000.0
251,Israel,ISR,Middle East & North Africa,2020,413267669231.522,-1.85728927811242,44846.7915954816,-3.57303741945609,1.76367939210866,9215100.0
252,Israel,ISR,Middle East & North Africa,2021,488526545878.891,8.61199034846989,52129.5159612108,6.80051563909181,1.68190551747412,9371400.0
253,Israel,ISR,Middle East & North Africa,2022,525002447652.773,6.83288663572093,54930.9388075096,4.75267735474706,1.96636884788361,9557500.0
254,Israel,ISR,Middle East & North Africa,2023,509901495702.103,1.99703998799328,52261.6761509633,-0.0854069833810911,2.06280419087907,9756700.0
255,Italy,ITA,Europe & Central Asia,2009,2199928804118.63,-5.2809372082931,37226.7571935402,-5.71150838276657,0.455613449577732,59095365.0
256,Italy,ITA,Europe & Central Asia,2010,2136099955236.67,1.71329583916922,36035.6449950691,1.40091534299962,0.30759122234095,59277417.0
257,Italy,ITA,Europe & Central Asia,2011,2294994296589.5,0.707333347034435,38649.6394836789,0.534287439584816,0.171978290995717,59379449.0
258,Italy,ITA,Europe & Central Asia,2012,2086957656821.6,-2.98090576823772,35051.5212697703,-3.24206011995115,0.269541239520996,59539717.0
259,Italy,ITA,Europe & Central Asia,2013,2141924094298.56,-1.84106545088248,35560.0814062288,-2.97240379999698,1.1592511168095,60233948.0
260,Italy,ITA,Europe & Central Asia,2014,2162009615996.54,-0.0045475423638379,35565.7213771496,-0.917813879753353,0.917504095962437,60789140.0
261,Italy,ITA,Europe & Central Asia,2015,1836637711060.55,0.778304350716581,30242.3861352184,0.875477401786128,-0.0963761331392095,60730582.0
262,Italy,ITA,Europe & Central Asia,2016,1877071687633.78,1.29346273155907,30960.7315088902,1.46569044434084,-0.169884073301448,60627498.0
263,Italy,ITA,Europe & Central Asia,2017,1961796197354.36,1.66785904106857,32406.7203150134,1.82033385192226,-0.14986111697397,60536709.0
264,Italy,ITA,Europe & Central Asia,2018,2091932426266.98,0.925810941012742,34622.1696664741,1.11781661979235,-0.190063640113791,60421760.0
265,Italy,ITA,Europe & Central Asia,2019,2011302198827.45,0.483198316597154,33673.7509627421,1.64850339347826,-1.15302842389952,59729081.0
266,Italy,ITA,Europe & Central Asia,2020,1897461635591.91,-8.97419212060699,31922.9191626183,-8.52972827622958,-0.487095091717782,59438851.0
267,Italy,ITA,Europe & Central Asia,2021,2154875493744.93,8.3102399077017,36441.0598048734,8.87012965883184,-0.515599998844444,59133173.0
268,Italy,ITA,Europe & Central Asia,2022,2066972096553.7,3.98589744251659,35068.8359738449,4.32595392769208,-0.326488181067642,58940425.0
269,Italy,ITA,Europe & Central Asia,2023,2254851212731.8,0.920692213760276,38373.1660497534,1.22859908779216,-0.304633382751779,58761146.0
270,Japan,JPN,East Asia & Pacific,2009,5289493117993.89,-5.69323635882266,41308.9968370512,-5.68145234031182,-0.0124946312294096,128047000.0
271,Japan,JPN,East Asia & Pacific,2010,5759071769013.11,4.09791791930137,44968.1562349739,4.07922304843274,0.0179605415195644,128070000.0
272,Japan,JPN,East Asia & Pacific,2011,6233147172341.35,0.0238095237748297,48760.0789494211,0.209251802819637,-0.185226486410846,127833000.0
273,Japan,JPN,East Asia & Pacific,2012,6272362996105.03,1.37475099920874,49145.2804308193,1.53678665884595,-0.159710675844347,127629000.0
274,Japan,JPN,East Asia & Pacific,2013,5212328181166.18,2.0051001767726,40898.6478964744,2.15237106564643,-0.144271883387076,127445000.0
275,Japan,JPN,East Asia & Pacific,2014,4896994405353.29,0.296205514142628,38475.3952461838,0.429381122520397,-0.132694222147042,127276000.0
276,Japan,JPN,East Asia & Pacific,2015,4444930651964.18,1.56062669674904,34960.6393843385,1.66846511711745,-0.106124993746747,127141000.0
277,Japan,JPN,East Asia & Pacific,2016,5003677627544.24,0.753826745903538,39375.4731620781,0.805362824616168,-0.0511374152133631,127076000.0
278,Japan,JPN,East Asia & Pacific,2017,4930837369151.42,1.67533175166503,38834.0529341227,1.75861180161441,-0.081874296046114,126972000.0
279,Japan,JPN,East Asia & Pacific,2018,5040880939324.86,0.643391023460339,39751.1330982711,0.771168471432347,-0.126880068088791,126811000.0
280,Japan,JPN,East Asia & Pacific,2019,5117993853016.51,-0.402169200910933,40415.9567649547,-0.262170828589063,-0.140464977878172,126633000.0
281,Japan,JPN,East Asia & Pacific,2020,5055587093501.59,-4.14711889947692,40040.7655055923,-3.86470966963243,-0.294194617750067,126261000.0
282,Japan,JPN,East Asia & Pacific,2021,5034620784584.98,2.55932023865617,40058.5373276179,3.0321308280439,-0.459952415807642,125681593.0
283,Japan,JPN,East Asia & Pacific,2022,4256410760723.75,0.954736937781391,34017.2718075024,1.40382237505176,-0.443851919148528,125124989.0
284,Japan,JPN,East Asia & Pacific,2023,4212945159781.4,1.92305553064716,33834.3921056453,2.42101118299132,-0.487370782049143,124516650.0
285,South Korea,KOR,East Asia & Pacific,2009,943941876218.743,0.792698989518186,19143.8516053025,0.275268980329585,0.514682827535803,49307835.0
286,South Korea,KOR,East Asia & Pacific,2010,1143672241149.72,6.80482491783671,23079.2601257735,6.27401988865388,0.49822508440111,49554112.0
287,South Korea,KOR,East Asia & Pacific,2011,1253289537500.81,3.68566778212526,25097.595426845,2.89141199434026,0.768971758582589,49936638.0
288,South Korea,KOR,East Asia & Pacific,2012,1278046536287.01,2.40253099246186,25459.1689000965,1.86559949596563,0.525713660600414,50199853.0
289,South Korea,KOR,East Asia & Pacific,2013,1370632955321.2,3.16470863647184,27179.5170146052,2.69615096128955,0.455218622164662,50428893.0
290,South Korea,KOR,East Asia & Pacific,2014,1484488526271.8,3.2024537945736,29252.9312377352,2.55621950883497,0.628149861433639,50746659.0
291,South Korea,KOR,East Asia & Pacific,2015,1466038936206.43,2.80910326824133,28737.4391706499,2.26842940068582,0.527288497407793,51014947.0
292,South Korea,KOR,East Asia & Pacific,2016,1499679823909.61,2.94688171508626,29280.4403170048,2.5391447288435,0.396851823381145,51217803.0
293,South Korea,KOR,East Asia & Pacific,2017,1623074183501.9,3.15963574012777,31600.7358741365,2.87019696151147,0.280968018301691,51361911.0
294,South Korea,KOR,East Asia & Pacific,2018,1725373496825.43,2.90740377377135,33447.1562836166,2.46224621613314,0.433519027613049,51585058.0
295,South Korea,KOR,East Asia & Pacific,2019,1651422932447.77,2.24397786011012,31902.4169048194,1.8889146004307,0.347874968577526,51764822.0
296,South Korea,KOR,East Asia & Pacific,2020,1644312831906.17,-0.709415359397681,31721.2989141857,-0.846212237799236,0.137869266247028,51836239.0
297,South Korea,KOR,East Asia & Pacific,2021,1818432106880.04,4.30473481906969,35125.5224984723,4.43912129317819,-0.128757315474928,51769539.0
298,South Korea,KOR,East Asia & Pacific,2022,1673916511799.71,2.61267219187226,32394.6833725203,2.80523762871836,-0.187486566698935,51672569.0
299,South Korea,KOR,East Asia & Pacific,2023,1712792854202.37,1.35673324311098,33121.3712885508,1.2782352431086,0.077477253324535,51712619.0
300,Latvia,LVA,Europe & Central Asia,2009,26410909090.9091,-14.2601400377132,12331.9285524089,-12.8328031209275,-1.65102496759116,2141669.0
301,Latvia,LVA,Europe & Central Asia,2010,23956163076.5575,-4.455567259981,11420.9940032836,-2.44615768269067,-2.08130508988111,2097555.0
302,Latvia,LVA,Europe & Central Asia,2011,27474380566.265,2.57371236333377,13338.9622350852,4.45844691472075,-1.82076700208005,2059709.0
303,Latvia,LVA,Europe & Central Asia,2012,28169902669.3784,7.04224716054507,13847.3379393194,8.37822379715232,-1.24035915329271,2034319.0
304,Latvia,LVA,Europe & Central Asia,2013,30204783461.8488,2.00796687876637,15007.4918561719,3.10637939631,-1.07103480329077,2012647.0
305,Latvia,LVA,Europe & Central Asia,2014,31386896487.0407,1.90217268380506,15742.3913381908,2.86636259407609,-0.941743354234222,1993782.0
306,Latvia,LVA,Europe & Central Asia,2015,27263090547.0617,3.88526005426763,13786.4567953114,4.73918260611251,-0.818626340945853,1977527.0
307,Latvia,LVA,Europe & Central Asia,2016,28083597512.4841,2.36861474664423,14331.7515885049,3.30843439755775,-0.913885332226604,1959537.0
308,Latvia,LVA,Europe & Central Asia,2017,30483806017.8318,3.31247593587459,15695.1151541059,4.23211616536913,-0.886215573292392,1942248.0
309,Latvia,LVA,Europe & Central Asia,2018,34429023435.0211,3.99051924069269,17865.0310947642,4.80391392484378,-0.779138396192231,1927174.0
310,Latvia,LVA,Europe & Central Asia,2019,34225547537.0745,0.587502383494098,17883.3494113217,1.28926269967,-0.695239140136066,1913822.0
311,Latvia,LVA,Europe & Central Asia,2020,34390910338.9604,-3.51380284197906,18096.2027073394,-2.83485280722716,-0.701211570733301,1900449.0
312,Latvia,LVA,Europe & Central Asia,2021,39443126174.4335,6.73173527824665,20930.3982374189,7.63560410392657,-0.843294678005026,1884490.0
313,Latvia,LVA,Europe & Central Asia,2022,40422521943.4418,2.95473177143623,21508.4003332167,3.23449902226096,-0.271369577775699,1879383.0
314,Latvia,LVA,Europe & Central Asia,2023,43627078481.287,-0.2825395584007,23184.3116680149,-0.407971326098462,0.125866344662112,1881750.0
315,Lithuania,LTU,Europe & Central Asia,2009,37388122046.1496,-14.8386083735986,11820.7761591359,-13.8877533571244,-1.11034575437238,3162916.0
316,Lithuania,LTU,Europe & Central Asia,2010,37128694028.243,1.65124065328366,11987.508411647,3.80531559028894,-2.09694341985475,3097282.0
317,Lithuania,LTU,Europe & Central Asia,2011,43535051482.3869,6.03900816040344,14376.9478643932,8.46110906391293,-2.25846389882827,3028115.0
318,Lithuania,LTU,Europe & Central Asia,2012,42927454291.478,3.84386474906337,14367.709424872,5.24600245889164,-1.34120198821595,2987773.0
319,Lithuania,LTU,Europe & Central Asia,2013,46523420074.4372,3.55007284270488,15729.6524666512,4.60332772900291,-1.01200736818103,2957689.0
320,Lithuania,LTU,Europe & Central Asia,2014,48533659592.1728,3.53700987901611,16551.018202078,4.43108765446387,-0.859827343070249,2932367.0
321,Lithuania,LTU,Europe & Central Asia,2015,41435533340.3883,2.02458395469182,14263.9645773495,2.98891297061452,-0.940753796646208,2904910.0
322,Lithuania,LTU,Europe & Central Asia,2016,43047309305.7363,2.51882827307178,15008.3132445526,3.82984126408542,-1.27069453298857,2868231.0
323,Lithuania,LTU,Europe & Central Asia,2017,47758736931.7801,4.28259695120761,16885.4073948373,5.75104655735379,-1.39832220092102,2828403.0
324,Lithuania,LTU,Europe & Central Asia,2018,53751411409.4447,3.99331032795327,19186.359591641,4.99035385554106,-0.954190459209969,2801543.0
325,Lithuania,LTU,Europe & Central Asia,2019,54808531641.4117,4.6656783812234,19615.5491450175,4.94310000159899,-0.264704354944785,2794137.0
326,Lithuania,LTU,Europe & Central Asia,2020,56964942999.3651,-0.0246124952916773,20381.8557827478,-0.0513690845085932,0.0267667582795671,2794885.0
327,Lithuania,LTU,Europe & Central Asia,2021,66798933785.7702,6.28471003860921,23849.6156993566,6.05877089552746,0.212805429536827,2800839.0
328,Lithuania,LTU,Europe & Central Asia,2022,71013953448.2085,2.44017546498974,25078.7453655669,1.32592417648803,1.09366808005007,2831639.0
329,Lithuania,LTU,Europe & Central Asia,2023,77836396962.772,-0.336086244470295,27102.7815282971,-1.7331662372312,1.41170910782706,2871897.0
330,Luxembourg,LUX,Europe & Central Asia,2009,54467289897.5582,-3.23895402683188,109419.746953106,-5.01426301262075,1.85177523043645,497783.0
331,Luxembourg,LUX,Europe & Central Asia,2010,56213985987.4168,3.76041359255095,110885.991378721,1.88354730979161,1.8254058035237,506953.0
332,Luxembourg,LUX,Europe & Central Asia,2011,61696281326.2453,1.04429869455731,119025.057203467,-1.17679786686928,2.22266050326725,518347.0
333,Luxembourg,LUX,Europe & Central Asia,2012,59776383527.3602,1.64990202978652,112584.676270958,-0.762183409548683,2.40154189982875,530946.0
334,Luxembourg,LUX,Europe & Central Asia,2013,65203276466.9763,3.17179049916005,120000.140729859,0.814652308537674,2.31117625275217,543360.0
335,Luxembourg,LUX,Europe & Central Asia,2014,68804811897.6445,2.62308601577192,123678.702143275,0.232564441498198,2.35697870484045,556319.0
336,Luxembourg,LUX,Europe & Central Asia,2015,60071584216.1375,2.26978448419565,105462.012584423,-0.115476305532894,2.35995118136865,569604.0
337,Luxembourg,LUX,Europe & Central Asia,2016,62216885435.9488,4.97819043681629,106899.293549552,2.73979180152419,2.15531198799205,582014.0
338,Luxembourg,LUX,Europe & Central Asia,2017,65712180342.9836,1.31718766293677,110193.213797228,-1.11611296239622,2.43097641776115,596336.0
339,Luxembourg,LUX,Europe & Central Asia,2018,71000359760.4611,1.21932191856359,116786.511654677,-0.714325922150593,1.92883751398765,607950.0
340,Luxembourg,LUX,Europe & Central Asia,2019,69890505323.5842,2.9158479150005,112726.439672814,0.915465845901139,1.9628449198635,620001.0
341,Luxembourg,LUX,Europe & Central Asia,2020,73699366700.2134,-0.909829798886719,116905.370396853,-2.54734610654114,1.66635867423273,630419.0
342,Luxembourg,LUX,Europe & Central Asia,2021,85584105993.8746,7.16840198697749,133711.794435985,5.55350216888992,1.51834936706612,640064.0
343,Luxembourg,LUX,Europe & Central Asia,2022,81641807865.7591,1.38018589083207,125006.021815486,-0.643838258238688,2.01666790212729,653103.0
344,Luxembourg,LUX,Europe & Central Asia,2023,85755006123.5976,-1.09572361576994,128259.402583282,-3.38902190622011,2.34600975458798,668606.0
345,Mexico,MEX,Latin America & Caribbean,2009,943437415024.633,-6.29525055780502,8495.65308003777,-7.44700135294536,1.23674369230562,111049428.0
346,Mexico,MEX,Latin America & Caribbean,2010,1105424238731.09,4.9713345832195,9823.16407459477,3.58800272877093,1.32657895725526,112532401.0
347,Mexico,MEX,Latin America & Caribbean,2011,1229013703416.76,3.44404505794418,10766.6099402311,1.97772849965163,1.4276397653994,114150481.0
348,Mexico,MEX,Latin America & Caribbean,2012,1255110424817.79,3.55321075993527,10842.7330894856,2.11702296200693,1.39661546186197,115755909.0
349,Mexico,MEX,Latin America & Caribbean,2013,1327436290282.67,0.852101559410627,11317.4910604809,-0.467572586540285,1.317160792789,117290686.0
350,Mexico,MEX,Latin America & Caribbean,2014,1364507717614.13,2.50376350288664,11490.0216914226,1.23907995260342,1.2414667155537,118755887.0
351,Mexico,MEX,Latin America & Caribbean,2015,1213294467716.88,2.70232342550646,10098.173182095,1.51074466053764,1.16700884975484,120149897.0
352,Mexico,MEX,Latin America & Caribbean,2016,1112233497452.7,1.77249323845399,9152.73722379028,0.625682747204579,1.13323428792033,121519221.0
353,Mexico,MEX,Latin America & Caribbean,2017,1190721475906.0,1.87172853327193,9693.33009082487,0.777009685996944,1.08042073770937,122839258.0
354,Mexico,MEX,Latin America & Caribbean,2018,1256300182879.73,1.97208209405635,10130.3206976172,1.00624881882332,0.951668643927897,124013861.0
355,Mexico,MEX,Latin America & Caribbean,2019,1305211135822.61,-0.251335754924085,10434.5676193955,-1.10575827225217,0.860265089734684,125085311.0
356,Mexico,MEX,Latin America & Caribbean,2020,1120832412468.85,-8.62455573080136,8895.61521605941,-9.28666749671056,0.727243815691995,125998302.0
357,Mexico,MEX,Latin America & Caribbean,2021,1313069763986.6,5.73920833768318,10363.1927221972,5.14933266062441,0.559420832085433,126705138.0
358,Mexico,MEX,Latin America & Caribbean,2022,1463323889036.56,3.94899999903839,11476.6788057764,3.29761793855816,0.628607802526073,127504125.0
359,Mexico,MEX,Latin America & Caribbean,2023,1788886821046.81,3.22873675559163,13926.1136190914,2.46414431285061,0.743434542137949,128455567.0
360,Netherlands,NLD,Europe & Central Asia,2009,871518638049.218,-3.66688393735825,52722.2130568997,-4.16103849540806,0.514284544827762,16530388.0
361,Netherlands,NLD,Europe & Central Asia,2010,847380859016.668,1.34273933636553,50999.7451168879,0.824259852819907,0.512923100553586,16615394.0
362,Netherlands,NLD,Europe & Central Asia,2011,905270626332.687,1.55118931244651,54230.3129029852,1.07862827391094,0.466428782200821,16693074.0
363,Netherlands,NLD,Europe & Central Asia,2012,838923319919.531,-1.03035399148436,50070.1416045904,-1.39591933577908,0.370055034770235,16754962.0
364,Netherlands,NLD,Europe & Central Asia,2013,877172824534.512,-0.130175288449919,52198.8975607454,-0.42417869353261,0.294820793441482,16804432.0
365,Netherlands,NLD,Europe & Central Asia,2014,892167986713.722,1.42339539510084,52900.537415323,1.05910125427069,0.359828172726548,16865008.0
366,Netherlands,NLD,Europe & Central Asia,2015,765572770634.375,1.95916972105708,45193.4032187971,1.50826618391271,0.443220089035769,16939923.0
367,Netherlands,NLD,Europe & Central Asia,2016,784060430240.08,2.19171371926123,46039.1059284098,1.64931554652068,0.532178879608489,17030314.0
368,Netherlands,NLD,Europe & Central Asia,2017,833869641687.06,2.91090251315005,48675.2223350213,2.30428473259315,0.591203366164118,17131296.0
369,Netherlands,NLD,Europe & Central Asia,2018,914043438179.607,2.36091509478513,53044.5324352253,1.76493726416223,0.583933408920832,17231624.0
370,Netherlands,NLD,Europe & Central Asia,2019,910194347568.626,1.95558841574046,52476.2732533327,1.28988912106223,0.65507157480522,17344874.0
371,Netherlands,NLD,Europe & Central Asia,2020,909793466661.481,-3.88608391819609,52162.5701150406,-4.41855550924734,0.55554079025497,17441500.0
372,Netherlands,NLD,Europe & Central Asia,2021,1029678338329.44,6.19185710427116,58727.8705471475,5.63740532928256,0.523490508168757,17533044.0
373,Netherlands,NLD,Europe & Central Asia,2022,1009398719033.08,4.32891831787197,57025.01245598,3.33909809860577,0.953278922854537,17700982.0
374,Netherlands,NLD,Europe & Central Asia,2023,1118124749886.29,0.116008634532122,62536.7320298151,-0.883533871232913,1.00340157218113,17879488.0
375,New Zealand,NZL,East Asia & Pacific,2009,121373602348.679,-0.051952422293283,28209.3623271229,-1.04618298900314,0.999728031208421,4302600.0
376,New Zealand,NZL,East Asia & Pacific,2010,146517541181.254,1.44462128410649,33676.7741239925,0.323080777115536,1.1117260560215,4350700.0
377,New Zealand,NZL,East Asia & Pacific,2011,168295307149.46,2.24134221542516,38388.5280906616,1.46473712971036,0.762479795105218,4384000.0
378,New Zealand,NZL,East Asia & Pacific,2012,176210710655.208,2.2894629674209,39974.2997334925,1.73022518753503,0.548220797298334,4408100.0
379,New Zealand,NZL,East Asia & Pacific,2013,190909855416.34,2.76017958953716,42977.388040868,1.97364932096052,0.768347998194806,4442100.0
380,New Zealand,NZL,East Asia & Pacific,2014,201337554959.49,3.75431941509395,44578.2253868016,2.0451815064295,1.66101200071152,4516500.0
381,New Zealand,NZL,East Asia & Pacific,2015,178104220784.881,3.73403577291154,38639.3501941427,1.64333157642101,2.0360339086492,4609400.0
382,New Zealand,NZL,East Asia & Pacific,2016,188898209220.167,3.74831145236631,40070.8956577431,1.44406499831086,2.24603210015584,4714100.0
383,New Zealand,NZL,East Asia & Pacific,2017,206566916732.292,3.39728250444887,42913.186956185,1.25999864014925,2.08872272281936,4813600.0
384,New Zealand,NZL,East Asia & Pacific,2018,211846555690.736,3.49949703045593,43228.6976473771,1.66207788960591,1.79124016759035,4900600.0
385,New Zealand,NZL,East Asia & Pacific,2019,212846907683.439,2.36196217785604,42747.2099299966,0.74611018814295,1.59115889619722,4979200.0
386,New Zealand,NZL,East Asia & Pacific,2020,212697530897.56,-0.424906457573115,41785.6922905898,-2.59630156645085,2.20478869594563,5090200.0
387,New Zealand,NZL,East Asia & Pacific,2021,253644079784.977,4.54624763852878,49624.1816729553,4.11466940497311,0.413665247040229,5111300.0
388,New Zealand,NZL,East Asia & Pacific,2022,246733522841.353,2.7748426484212,48216.5095836302,2.65634589792765,0.115363946900346,5117200.0
389,New Zealand,NZL,East Asia & Pacific,2023,253465703232.146,0.632242361629224,48527.828920018,-1.40810809424879,2.04836808947608,5223100.0
390,Norway,NOR,Europe & Central Asia,2009,387976400617.019,-1.94036469505112,80347.5700665184,-3.16925628485011,1.2611272893768,4828726.0
391,Norway,NOR,Europe & Central Asia,2010,431052143940.438,0.787051845495441,88163.2085931423,-0.460631256132487,1.24566617956207,4889252.0
392,Norway,NOR,Europe & Central Asia,2011,501360549669.404,1.10565602733728,101221.813476644,-0.197405953019441,1.297189390693,4953088.0
393,Norway,NOR,Europe & Central Asia,2012,512777309840.997,2.71795926678982,102175.919298374,1.3776409008747,1.31344098868985,5018573.0
394,Norway,NOR,Europe & Central Asia,2013,526014468085.106,1.01619082409272,103553.840134417,-0.197883222310097,1.20914158930136,5079623.0
395,Norway,NOR,Europe & Central Asia,2014,501736471832.848,2.04813199855084,97666.6951838749,0.903762650173263,1.12773667734928,5137232.0
396,Norway,NOR,Europe & Central Asia,2015,388159512245.53,1.85733972643303,74809.9658049898,0.848799124216399,0.995084736958414,5188607.0
397,Norway,NOR,Europe & Central Asia,2016,370956547619.048,1.16472423497285,70867.3609970749,0.277407784487878,0.880969815359919,5234519.0
398,Norway,NOR,Europe & Central Asia,2017,401745275035.261,2.46374628510146,76131.8384032764,1.63950714511496,0.807673181884948,5276968.0
399,Norway,NOR,Europe & Central Asia,2018,439788625883.8,0.828900664137592,82792.8427113304,0.165530155189344,0.660090844249,5311916.0
400,Norway,NOR,Europe & Central Asia,2019,408742840909.091,1.12377787436797,76430.5889473338,0.443429279720704,0.675061373245644,5347896.0
401,Norway,NOR,Europe & Central Asia,2020,367633418886.627,-1.2781717845226,68340.0181033702,-1.85769610859076,0.588757324043059,5379475.0
402,Norway,NOR,Europe & Central Asia,2021,503367986030.268,3.90868677689417,93072.8925119571,3.35449507409562,0.534772281874925,5408320.0
403,Norway,NOR,Europe & Central Asia,2022,593726965415.619,3.00563516076298,108798.451165901,2.08438190143963,0.898395220610608,5457127.0
404,Norway,NOR,Europe & Central Asia,2023,485513316503.63,0.514118226595343,87961.7806135072,-0.623432003233276,1.13818460655469,5519594.0
405,Poland,POL,Europe & Central Asia,2009,439731589139.212,2.83218405318897,11525.9007370991,2.76252525104977,0.067763227021235,38151603.0
406,Poland,POL,Europe & Central Asia,2010,475696613935.595,2.93463818052832,12504.2501856093,3.22904912851982,-0.285609121534849,38042794.0
407,Poland,POL,Europe & Central Asia,2011,524374183218.309,5.04218788292943,13776.3883624327,4.98572218638633,0.0537697088781007,38063255.0
408,Poland,POL,Europe & Central Asia,2012,495230523665.901,1.54522157125609,13010.7555868425,1.54546434180358,-0.0002390760032983,38063164.0
409,Poland,POL,Europe & Central Asia,2013,515761954074.157,0.85655708060645,13558.3411314221,0.91745249247623,-0.0603600174744649,38040196.0
410,Poland,POL,Europe & Central Asia,2014,539080475073.719,3.83695849351797,14181.9486817352,3.91470563333374,-0.0748462292920506,38011735.0
411,Poland,POL,Europe & Central Asia,2015,477111287969.227,4.38329863507276,12560.051419682,4.45288399815828,-0.0666411009657168,37986412.0
412,Poland,POL,Europe & Central Asia,2016,470024599375.619,2.95350884167718,12378.8128106111,2.99777305502597,-0.04298513087435,37970087.0
413,Poland,POL,Europe & Central Asia,2017,524641252834.826,5.14001757409446,13815.501164767,5.12689681500834,0.0124800985844923,37974826.0
414,Poland,POL,Europe & Central Asia,2018,588779796423.695,5.94520847705498,15504.5075062692,5.94542050836115,-0.0002001327828384,37974750.0
415,Poland,POL,Europe & Central Asia,2019,596058473058.766,4.44998787878788,15700.0135796738,4.47550510562556,-0.0244271070993493,37965475.0
416,Poland,POL,Europe & Central Asia,2020,599442732365.372,-2.02007073357655,15816.819050319,-1.84839482693985,-0.175062058196296,37899070.0
417,Poland,POL,Europe & Central Asia,2021,681346077608.607,6.93498038387065,18050.2778862996,7.3654328477301,-0.401728616642455,37747124.0
418,Poland,POL,Europe & Central Asia,2022,689763329458.441,5.63756676578897,18732.4977273198,8.29236633399775,-2.48206113275772,36821749.0
419,Poland,POL,Europe & Central Asia,2023,811229100687.566,0.160586011025046,22112.861574706,0.531623454887892,-0.369758116260503,36685849.0
420,Portugal,PRT,Europe & Central Asia,2009,244667762835.543,-3.12207942033321,23151.2154130712,-3.21438996722308,0.0953308592370666,10568247.0
421,Portugal,PRT,Europe & Central Asia,2010,238113003233.284,1.73762547590566,22520.6423124045,1.69092841483231,0.0459100367184907,10573100.0
422,Portugal,PRT,Europe & Central Asia,2011,245117990242.248,-1.69616478061504,23217.2954965207,-1.55146831672478,-0.147084878575482,10557560.0
423,Portugal,PRT,Europe & Central Asia,2012,216224240577.957,-4.05729360769561,20563.7136012629,-3.66753141566937,-0.405421787747567,10514844.0
424,Portugal,PRT,Europe & Central Asia,2013,226433858005.714,-0.922644674527888,21653.1959752225,-0.377398248791067,-0.548815210952228,10457295.0
425,Portugal,PRT,Europe & Central Asia,2014,229901964221.884,0.792190301875365,22103.7009703321,1.33711996744654,-0.539190466792077,10401062.0
426,Portugal,PRT,Europe & Central Asia,2015,199394066525.44,1.79204604555983,19250.1065376852,2.2144828853083,-0.414141101993213,10358076.0
427,Portugal,PRT,Europe & Central Asia,2016,206426152308.931,2.01948539561312,19991.9724878805,2.34182321593775,-0.315459016997883,10325452.0
428,Portugal,PRT,Europe & Central Asia,2017,221357874718.93,3.5063452848124,21490.429863104,3.75909438887767,-0.243889410358812,10300300.0
429,Portugal,PRT,Europe & Central Asia,2018,242313116577.967,2.84932593436179,23562.5545228191,3.01412372965098,-0.160104021146769,10283822.0
430,Portugal,PRT,Europe & Central Asia,2019,239986922638.902,2.68275992118076,23330.817288932,2.65839260557085,0.0237334946497115,10286263.0
431,Portugal,PRT,Europe & Central Asia,2020,229031860520.777,-8.3005165411776,22242.406417972,-8.39685500953166,0.10511412524675,10297081.0
432,Portugal,PRT,Europe & Central Asia,2021,255534839405.899,5.73743721854339,24661.1664874576,5.07669501382099,0.626850165433157,10361831.0
433,Portugal,PRT,Europe & Central Asia,2022,255196659934.378,6.82751087594069,24515.2657495716,6.33622376266987,0.460948935788035,10409704.0
434,Portugal,PRT,Europe & Central Asia,2023,287080013574.497,2.26125478073125,27275.1115544691,1.13770053718866,1.10479001213844,10525347.0
435,Slovak Republic,SVK,Europe & Central Asia,2009,89399303222.155,-5.45553286715979,16597.2084581361,-5.58143638478245,0.133257321027673,5386406.0
436,Slovak Republic,SVK,Europe & Central Asia,2010,91162836320.3502,6.71663274983085,16908.8479564876,6.61722848630926,0.0931912731899838,5391428.0
437,Slovak Republic,SVK,Europe & Central Asia,2011,99922685424.8835,2.67145277909515,18509.7402157541,2.53915714663711,0.128936462723796,5398384.0
438,Slovak Republic,SVK,Europe & Central Asia,2012,94623731085.6106,1.31880224556281,17498.3539002594,1.14652064105034,0.170183855326072,5407579.0
439,Slovak Republic,SVK,Europe & Central Asia,2013,98935222174.8603,0.632740007294188,18276.0095516546,0.524660148617301,0.107458009492367,5413393.0
440,Slovak Republic,SVK,Europe & Central Asia,2014,101437045019.901,2.69718980707125,18719.9881409371,2.59757522977975,0.0970454215834878,5418649.0
441,Slovak Republic,SVK,Europe & Central Asia,2015,88900883130.8374,5.16718160614154,16390.8821748507,5.06728462990019,0.0950338786482762,5423801.0
442,Slovak Republic,SVK,Europe & Central Asia,2016,89952699524.894,1.94395086102337,16563.4404971229,1.81260702828008,0.128922329956911,5430798.0
443,Slovak Republic,SVK,Europe & Central Asia,2017,95649966260.9802,2.93806867784903,17585.197002257,2.7784542927246,0.155178995687406,5439232.0
444,Slovak Republic,SVK,Europe & Central Asia,2018,106137924015.593,4.03038971425349,19486.3936845505,3.88639887857198,0.138508159611326,5446771.0
445,Slovak Republic,SVK,Europe & Central Asia,2019,105711680180.565,2.51125619776377,19381.8905468746,2.37262351593202,0.135328072840865,5454147.0
446,Slovak Republic,SVK,Europe & Central Asia,2020,106737868873.941,-3.32972320966405,19553.2609613643,-3.4126012520308,0.0857694756149868,5458827.0
447,Slovak Republic,SVK,Europe & Central Asia,2021,118563266602.359,4.77122142450317,21765.722502093,4.99394874788244,-0.212358807611049,5447247.0
448,Slovak Republic,SVK,Europe & Central Asia,2022,115584743573.553,1.87003619871018,21279.4589247729,2.16063787030694,-0.284860959688394,5431752.0
449,Slovak Republic,SVK,Europe & Central Asia,2023,132793622283.071,1.59645497115139,24470.238537883,1.69028689092559,-0.0923148510113108,5426740.0
450,Spain,ESP,Europe & Central Asia,2009,1491472923706.64,-3.7631070424473,32169.5028548583,-4.61174792296352,0.88573598057307,46362946.0
451,Spain,ESP,Europe & Central Asia,2010,1422108199783.34,0.162919517758226,30532.4805081656,-0.297178903863639,0.460408305051304,46576897.0
452,Spain,ESP,Europe & Central Asia,2011,1480710495710.12,-0.814384776648922,31677.9003083652,-1.16620390689791,0.355338396471428,46742697.0
453,Spain,ESP,Europe & Central Asia,2012,1324750738725.0,-2.95892213230024,28322.9465923276,-3.02190653735798,0.0649259625617232,46773055.0
454,Spain,ESP,Europe & Central Asia,2013,1355579535912.55,-1.40334186790638,29077.1820557563,-1.07974126518728,-0.327669039579687,46620045.0
455,Spain,ESP,Europe & Central Asia,2014,1371820537888.62,1.39577536727975,29513.6511800405,1.69935265928203,-0.298951059088036,46480882.0
456,Spain,ESP,Europe & Central Asia,2015,1196156971279.69,3.83851887667484,25754.36102944,3.91911726500582,-0.077588861590047,46444832.0
457,Spain,ESP,Europe & Central Asia,2016,1233554967011.68,3.03777414172446,26537.1594894542,2.95081590903861,0.0844301500680736,46484062.0
458,Spain,ESP,Europe & Central Asia,2017,1313245330197.65,2.97576072924863,28185.3213671969,2.73447515505379,0.234587922968563,46593236.0
459,Spain,ESP,Europe & Central Asia,2018,1421702715218.04,2.28446941947622,30379.7211126422,1.83746046437267,0.437982993728698,46797754.0
460,Spain,ESP,Europe & Central Asia,2019,1394320055129.41,1.9839662230883,29581.5185513299,1.25463175469125,0.717715637103499,47134837.0
461,Spain,ESP,Europe & Central Asia,2020,1278128867875.49,-11.1672978596983,26984.2962770279,-11.6001893006088,0.488502131838585,47365655.0
462,Spain,ESP,Europe & Central Asia,2021,1445651653604.63,6.40317361484541,30488.8209528797,6.29065944452751,0.105799194264084,47415794.0
463,Spain,ESP,Europe & Central Asia,2022,1417800466262.65,5.77064767618052,29674.5442864413,4.96805124372999,0.761701877296859,47778340.0
464,Spain,ESP,Europe & Central Asia,2023,1580694712515.71,2.50329435985475,32676.9837109377,1.24249543271571,1.23763541014937,48373336.0
465,Sweden,SWE,Europe & Central Asia,2009,436537014293.554,-4.33979057452935,46946.9602719954,-5.15126272885315,0.851904412936677,9298515.0
466,Sweden,SWE,Europe & Central Asia,2010,495812558843.31,5.95210700755608,52869.0442891587,5.0526785726024,0.852524628765313,9378126.0
467,Sweden,SWE,Europe & Central Asia,2011,574094112972.733,3.1953332348894,60755.7595508465,2.41898851140094,0.755150133665177,9449213.0
468,Sweden,SWE,Europe & Central Asia,2012,552483727282.802,-0.588304568990736,58037.8213192173,-1.32100232444557,0.739763272434863,9519374.0
469,Sweden,SWE,Europe & Central Asia,2013,586841821796.891,1.187775715906,61126.9431963979,0.333984863287881,0.847348652246305,9600379.0
470,Sweden,SWE,Europe & Central Asia,2014,581964017237.095,2.65779827531642,60020.3604576572,1.64424400595537,0.992219728591882,9696110.0
471,Sweden,SWE,Europe & Central Asia,2015,505103781349.757,4.48928158790491,51545.4836095322,3.39017629600058,1.05745468551674,9799186.0
472,Sweden,SWE,Europe & Central Asia,2016,515654671469.547,2.07059315052096,51965.1571531985,0.79614630049835,1.25645398510305,9923085.0
473,Sweden,SWE,Europe & Central Asia,2017,541018749769.097,2.56792452526476,53791.5087298403,1.19514757132167,1.34744505956262,10057698.0
474,Sweden,SWE,Europe & Central Asia,2018,555455371487.089,1.95002284569983,54589.0603860606,0.772577449000039,1.16164515996039,10175214.0
475,Sweden,SWE,Europe & Central Asia,2019,533879529188.454,1.98619587380391,51939.4297445291,0.957561656419784,1.01372226345511,10278887.0
476,Sweden,SWE,Europe & Central Asia,2020,547054174235.876,-2.17021317885872,52837.9039778149,-2.87468419018519,0.722703912882934,10353442.0
477,Sweden,SWE,Europe & Central Asia,2021,639714956069.468,6.14702464708019,61417.6808766469,5.51142519349814,0.600591532839468,10415811.0
478,Sweden,SWE,Europe & Central Asia,2022,590409594949.102,2.66319953969133,56299.5057328064,1.96686365077406,0.68058286829853,10486941.0
479,Sweden,SWE,Europe & Central Asia,2023,593267701033.408,-0.196170994604543,56305.250200767,-0.666848158531991,0.472717863265105,10536632.0
480,Switzerland,CHE,Europe & Central Asia,2009,554212916092.271,-2.29737463071545,71568.3123885672,-3.51055886020198,1.24948463127384,7743831.0
481,Switzerland,CHE,Europe & Central Asia,2010,598851028906.58,3.24339733550173,76531.3729407691,2.17363816396787,1.0415580576588,7824909.0
482,Switzerland,CHE,Europe & Central Asia,2011,715888126682.396,1.81310819203695,90476.7589651577,0.687339869637952,1.11187894263206,7912398.0
483,Switzerland,CHE,Europe & Central Asia,2012,686420221557.99,1.17925383325108,85836.2076767359,0.110596604306124,1.06181932886789,7996861.0
484,Switzerland,CHE,Europe & Central Asia,2013,706234937370.968,1.79214405707484,87304.3305813557,0.628360675437008,1.14987975781229,8089346.0
485,Switzerland,CHE,Europe & Central Asia,2014,726537808338.0,2.34988127508626,88724.9909402638,1.10869359440046,1.22010397343287,8188649.0
486,Switzerland,CHE,Europe & Central Asia,2015,694118186379.628,1.64462768699285,83806.4476003837,0.494129822392765,1.13833715247736,8282396.0
487,Switzerland,CHE,Europe & Central Asia,2016,687895460902.713,2.0686896670996,82153.0745447889,0.960131673178253,1.09203117387253,8373338.0
488,Switzerland,CHE,Europe & Central Asia,2017,695200833086.499,1.36279955711416,82254.3769269767,0.421326163056477,0.933155888738653,8451840.0
489,Switzerland,CHE,Europe & Central Asia,2018,725568717468.001,2.86044579461633,85217.3691512274,2.10552472012415,0.736633975172522,8514329.0
490,Switzerland,CHE,Europe & Central Asia,2019,721369112726.724,1.14198232505277,84121.9310304414,0.423089768227314,0.713313668444329,8575280.0
491,Switzerland,CHE,Europe & Central Asia,2020,741999406005.627,-2.14173720650054,85897.7843338323,-2.85415832226442,0.730676195047382,8638167.0
492,Switzerland,CHE,Europe & Central Asia,2021,813408787222.499,5.39188804141473,93446.4344518943,4.5881921178937,0.765501039496593,8704546.0
493,Switzerland,CHE,Europe & Central Asia,2022,818426550206.45,2.56832817834069,93259.9057183024,1.73600130033897,0.814795736256849,8775760.0
494,Switzerland,CHE,Europe & Central Asia,2023,884940402230.409,0.716066868695833,99994.9380204786,-0.127139868143971,0.84073604280258,8849852.0
495,Turkiye,TUR,Europe & Central Asia,2009,649289324627.732,-4.82315395301769,9012.99945793034,-6.12785740051382,1.3803027157145,72039206.0
496,Turkiye,TUR,Europe & Central Asia,2010,776967266305.53,8.42710432276191,10622.7020439723,6.79208232586733,1.51943093763293,73142150.0
497,Turkiye,TUR,Europe & Central Asia,2011,838785289694.35,11.2001105833504,11300.7852215681,9.57986395820123,1.46777416449143,74223629.0
498,Turkiye,TUR,Europe & Central Asia,2012,880555885492.269,4.78849271108008,11713.2849831139,3.46121242479198,1.27471801981307,75175827.0
499,Turkiye,TUR,Europe & Central Asia,2013,957799120008.32,8.48581699653026,12578.1878632,7.10131954327058,1.28441474668,76147624.0
500,Turkiye,TUR,Europe & Central Asia,2014,938934609296.966,4.9397151613658,12165.220135038,3.53349204037028,1.3490889002021,77181884.0
501,Turkiye,TUR,Europe & Central Asia,2015,864313810469.009,6.08448690443663,11049.9951100942,4.6785959933809,1.33411577030414,78218479.0
502,Turkiye,TUR,Europe & Central Asia,2016,869682881593.041,3.32308420845746,10970.0458948862,1.94225845985372,1.34542593504869,79277962.0
503,Turkiye,TUR,Europe & Central Asia,2017,858988492853.742,7.50199748917491,10695.550196231,6.11695888825578,1.29675571220462,80312698.0
504,Turkiye,TUR,Europe & Central Asia,2018,778972199727.859,3.01317990846508,9568.83618958168,1.62818524031636,1.35360298648434,81407204.0
505,Turkiye,TUR,Europe & Central Asia,2019,761005946788.221,0.81852593620826,9215.44087472889,-0.612618493559708,1.42969688109789,82579440.0
506,Turkiye,TUR,Europe & Central Asia,2020,720338498174.744,1.85983969001542,8638.73913259299,0.876186370101166,0.970386031353162,83384680.0
507,Turkiye,TUR,Europe & Central Asia,2021,819865253669.661,11.4393847446421,9743.21313092428,10.4293952224225,0.910444902564511,84147318.0
508,Turkiye,TUR,Europe & Central Asia,2022,907118435952.688,5.53346926596379,10674.5041731531,4.49949975785783,0.984586244469359,84979913.0
509,Turkiye,TUR,Europe & Central Asia,2023,1108022373259.51,4.5168665079849,12985.7531497962,4.0929402864446,0.406430370277168,85326000.0
510,United Kingdom,GBR,Europe & Central Asia,2009,2412840006231.5,-4.61495740242552,38744.131693043,-5.33371939419183,0.756390859593407,62276270.0
511,United Kingdom,GBR,Europe & Central Asia,2010,2485482596184.71,2.23868863381415,39598.957119545,1.44038415806527,0.783888646646516,62766365.0
512,United Kingdom,GBR,Europe & Central Asia,2011,2663805834828.07,1.14510154098662,42109.6418795749,0.357726635762319,0.781506562236639,63258810.0
513,United Kingdom,GBR,Europe & Central Asia,2012,2707089726614.64,1.51293674929991,42497.3404974322,0.809511841772917,0.695353132322269,63700215.0
514,United Kingdom,GBR,Europe & Central Asia,2013,2784853502534.29,1.79232221590813,43426.2981405143,1.11285564329206,0.669740535540783,64128273.0
515,United Kingdom,GBR,Europe & Central Asia,2014,3064708247921.43,3.19578246561922,47439.6165895125,2.43857440495138,0.736463978721671,64602298.0
516,United Kingdom,GBR,Europe & Central Asia,2015,2927911140916.73,2.2202583222271,44964.3911437292,1.41349868255548,0.792367505802859,65116219.0
517,United Kingdom,GBR,Europe & Central Asia,2016,2689106566899.61,1.9210634135702,40985.2351382417,1.15154932987107,0.757874492811929,65611593.0
518,United Kingdom,GBR,Europe & Central Asia,2017,2680148052335.3,2.65506966811928,40572.1214823783,1.96002099357008,0.679374473924223,66058859.0
519,United Kingdom,GBR,Europe & Central Asia,2018,2871340347581.79,1.40379208588568,43203.8141057739,0.791214735013071,0.605929132212552,66460344.0
520,United Kingdom,GBR,Europe & Central Asia,2019,2851407164907.81,1.64161099628876,42662.5353740311,1.06983334867479,0.564131113399897,66836327.0
521,United Kingdom,GBR,Europe & Central Asia,2020,2697806592293.86,-10.3599008187799,40217.0090116986,-10.687168020963,0.365758263815142,67081234.0
522,United Kingdom,GBR,Europe & Central Asia,2021,3141506156618.7,8.67490411442573,46869.759058411,8.76398582256878,-0.0819372405302065,67026292.0
523,United Kingdom,GBR,Europe & Central Asia,2022,3088839763445.02,4.34522883436574,45564.1569448013,3.16817537223257,1.13444824466953,67791000.0
524,United Kingdom,GBR,Europe & Central Asia,2023,3340032380668.04,0.104017849159277,48866.6039600298,-0.714682165144737,0.821212039762055,68350000.0
525,United States,USA,North America,2009,14478067000000.0,-2.57650023426996,47194.9500893872,-3.42683194254013,0.876651298802912,306771529.0
526,United States,USA,North America,2010,15048971000000.0,2.6951925838264,48650.6643227232,1.8467404584986,0.829616674709795,309327143.0
527,United States,USA,North America,2011,15599732000000.0,1.56440685438301,50065.9789470675,0.82892617390047,0.726786704810745,311583481.0
528,United States,USA,North America,2012,16253970000000.0,2.28911338767897,51784.4114692048,1.54146623449971,0.733599941250847,313877662.0
529,United States,USA,North America,2013,16880683000000.0,2.11783009919846,53409.7507774372,1.41274167855772,0.692860276624581,316059947.0
530,United States,USA,North America,2014,17608138000000.0,2.52381981441982,55304.3155317137,1.77469980748791,0.733361519937424,318386329.0
531,United States,USA,North America,2015,18295019000000.0,2.94555045455233,57040.2082136605,2.19043056582386,0.73621730882542,320738994.0
532,United States,USA,North America,2016,18804913000000.0,1.81945147474293,58206.6141931844,1.08425738313417,0.724676067451429,323071755.0
533,United States,USA,North America,2017,19612102000000.0,2.45762230356996,60322.2614241747,1.81147636540288,0.63264399508256,325122128.0
534,United States,USA,North America,2018,20656516000000.0,2.96650507100425,63201.0458483771,2.42587721947302,0.526435395564053,326838199.0
535,United States,USA,North America,2019,21521395000000.0,2.46703756313913,65548.0707847572,2.00148267922953,0.455381285963537,328329953.0
536,United States,USA,North America,2020,21322950000000.0,-2.21346933290643,64317.398912504,-3.15644425196703,0.968999515833015,331526933.0
537,United States,USA,North America,2021,23594031000000.0,5.8002061284573,71055.8761938303,5.63386812824078,0.157342694282194,332048977.0
538,United States,USA,North America,2022,25744108000000.0,1.93549589483209,77246.6738828672,1.56159818901087,0.367472693654024,333271411.0
539,United States,USA,North America,2023,27360935000000.0,2.54270029878489,81695.1870713305,2.0395059357577,0.491924871690548,334914895.0
