,Country Name,Country Code,Region,Year,"Life expectancy at birth, total (years)","Life expectancy at birth, female (years)","Life expectancy at birth, male (years)",Lifetime risk of maternal death (%),"Maternal mortality ratio (modeled estimate, per 100,000 live births)","Mortality rate, under-5 (per 1,000 live births)"
0,Australia,AUS,East Asia & Pacific,2009,81.5439024390244,83.9,79.3,0.0112244003854414,5.0,5.0
1,Australia,AUS,East Asia & Pacific,2010,81.6951219512195,84.0,79.5,0.0113747348269522,5.0,4.8
2,Australia,AUS,East Asia & Pacific,2011,81.8951219512195,84.2,79.7,0.012386187982092,6.0,4.5
3,Australia,AUS,East Asia & Pacific,2012,82.0463414634146,84.3,79.9,0.0122260456346902,6.0,4.3
4,Australia,AUS,East Asia & Pacific,2013,82.1487804878049,84.3,80.1,0.0125087288152162,6.0,4.1
5,Australia,AUS,East Asia & Pacific,2014,82.3,84.4,80.3,0.0093739036767186,5.0,4.0
6,Australia,AUS,East Asia & Pacific,2015,82.4,84.5,80.4,0.0091206316472042,5.0,3.9
7,Australia,AUS,East Asia & Pacific,2016,82.4487804878049,84.6,80.4,0.0090015082330268,5.0,3.8
8,Australia,AUS,East Asia & Pacific,2017,82.5,84.6,80.5,0.0083008683074658,5.0,3.8
9,Australia,AUS,East Asia & Pacific,2018,82.7487804878049,84.9,80.7,0.0076987200388362,4.0,3.8
10,Australia,AUS,East Asia & Pacific,2019,82.9,85.0,80.9,0.0088423658161186,5.0,3.8
11,Australia,AUS,East Asia & Pacific,2020,83.2,85.3,81.2,0.0051322958549402,3.0,3.8
12,Australia,AUS,East Asia & Pacific,2021,83.3,85.4,81.3,,,3.8
13,Australia,AUS,East Asia & Pacific,2022,83.2,85.3,81.2,,,3.8
14,Austria,AUT,Europe & Central Asia,2009,80.3317073170732,83.2,77.6,0.0083224169172367,6.0,4.4
15,Austria,AUT,Europe & Central Asia,2010,80.5804878048781,83.5,77.8,0.0082871541787066,6.0,4.3
16,Austria,AUT,Europe & Central Asia,2011,80.9829268292683,83.8,78.3,0.0084083788500509,6.0,4.2
17,Austria,AUT,Europe & Central Asia,2012,80.9365853658537,83.6,78.4,0.0079968238598461,6.0,4.0
18,Austria,AUT,Europe & Central Asia,2013,81.1365853658537,83.8,78.6,0.0079931195205262,6.0,3.9
19,Austria,AUT,Europe & Central Asia,2014,81.490243902439,84.0,79.1,0.0082352488164788,6.0,3.8
20,Austria,AUT,Europe & Central Asia,2015,81.190243902439,83.7,78.8,0.0078989733585394,6.0,3.7
21,Austria,AUT,Europe & Central Asia,2016,81.6414634146342,84.1,79.3,0.0074322651325721,5.0,3.6
22,Austria,AUT,Europe & Central Asia,2017,81.6439024390244,84.0,79.4,0.0071679811052179,5.0,3.6
23,Austria,AUT,Europe & Central Asia,2018,81.6926829268293,84.1,79.4,0.008113932936915,6.0,3.5
24,Austria,AUT,Europe & Central Asia,2019,81.8951219512195,84.2,79.7,0.0076560293518169,5.0,3.5
25,Austria,AUT,Europe & Central Asia,2020,81.1926829268293,83.6,78.9,0.0072842860478359,5.0,3.4
26,Austria,AUT,Europe & Central Asia,2021,81.190243902439,83.7,78.8,,,3.3
27,Austria,AUT,Europe & Central Asia,2022,81.0926829268293,83.5,78.8,,,3.2
28,Belgium,BEL,Europe & Central Asia,2009,80.0341463414634,82.8,77.4,0.0106311015249113,6.0,4.6
29,Belgium,BEL,Europe & Central Asia,2010,80.1829268292683,83.0,77.5,0.0102948587875378,6.0,4.5
30,Belgium,BEL,Europe & Central Asia,2011,80.5853658536585,83.3,78.0,0.0100728092102382,6.0,4.4
31,Belgium,BEL,Europe & Central Asia,2012,80.3853658536585,83.1,77.8,0.0091477987626477,5.0,4.3
32,Belgium,BEL,Europe & Central Asia,2013,80.5878048780488,83.2,78.1,0.0096444706021203,6.0,4.2
33,Belgium,BEL,Europe & Central Asia,2014,81.2878048780488,83.9,78.8,0.0091466771086577,5.0,4.2
34,Belgium,BEL,Europe & Central Asia,2015,80.9926829268293,83.4,78.7,0.0090508199325064,5.0,4.1
35,Belgium,BEL,Europe & Central Asia,2016,81.4390243902439,84.0,79.0,0.0085851157578685,5.0,4.1
36,Belgium,BEL,Europe & Central Asia,2017,81.4926829268293,83.9,79.2,0.0085467129135483,5.0,4.0
37,Belgium,BEL,Europe & Central Asia,2018,81.5951219512195,83.9,79.4,0.0085403854988694,5.0,4.0
38,Belgium,BEL,Europe & Central Asia,2019,81.9951219512195,84.3,79.8,0.008012389516583,5.0,3.9
39,Belgium,BEL,Europe & Central Asia,2020,80.6951219512195,83.0,78.5,0.0082789266109735,5.0,3.9
40,Belgium,BEL,Europe & Central Asia,2021,81.790243902439,84.3,79.4,,,3.8
41,Belgium,BEL,Europe & Central Asia,2022,81.6975609756098,83.9,79.6,,,3.7
42,Canada,CAN,North America,2009,81.0660975609756,83.33,78.91,0.0219102956009014,13.0,5.8
43,Canada,CAN,North America,2010,81.3221951219512,83.54,79.21,0.0207495390816671,12.0,5.7
44,Canada,CAN,North America,2011,81.4826829268293,83.68,79.39,0.0206145025346647,12.0,5.7
45,Canada,CAN,North America,2012,81.6636585365854,83.82,79.61,0.0205502758447799,12.0,5.6
46,Canada,CAN,North America,2013,81.7448780487805,83.85,79.74,0.0199513839655113,11.0,5.5
47,Canada,CAN,North America,2014,81.7843902439025,83.91,79.76,0.0202987281162972,12.0,5.4
48,Canada,CAN,North America,2015,81.8156097560976,83.89,79.84,0.020261384148773,12.0,5.4
49,Canada,CAN,North America,2016,81.9248780487805,84.03,79.92,0.0217568129460498,13.0,5.3
50,Canada,CAN,North America,2017,81.8329268292683,84.02,79.75,0.0218481651072605,13.0,5.3
51,Canada,CAN,North America,2018,81.8439024390244,83.99,79.8,0.0152818696982919,11.0,5.2
52,Canada,CAN,North America,2019,82.2239024390244,84.37,80.18,0.0155035295884585,11.0,5.1
53,Canada,CAN,North America,2020,81.6604878048781,83.95,79.48,0.015309248752025,11.0,5.1
54,Canada,CAN,North America,2021,81.5870731707317,84.02,79.27,,,5.0
55,Canada,CAN,North America,2022,81.2956097560976,83.58,79.12,,,4.9
56,Chile,CHL,Latin America & Caribbean,2009,78.741,81.481,75.941,0.0418247085318157,24.0,8.8
57,Chile,CHL,Latin America & Caribbean,2010,78.501,81.213,75.734,0.040505946973268,23.0,8.7
58,Chile,CHL,Latin America & Caribbean,2011,79.11,81.684,76.451,0.0349764038035149,20.0,8.5
59,Chile,CHL,Latin America & Caribbean,2012,79.023,81.596,76.379,0.0329276609444096,19.0,8.4
60,Chile,CHL,Latin America & Caribbean,2013,79.339,82.034,76.579,0.0312102348046115,18.0,8.2
61,Chile,CHL,Latin America & Caribbean,2014,79.473,82.145,76.736,0.0279356338378132,16.0,8.1
62,Chile,CHL,Latin America & Caribbean,2015,79.746,82.384,77.035,0.0281388702421533,16.0,8.0
63,Chile,CHL,Latin America & Caribbean,2016,80.079,82.57,77.496,0.0260714238457148,15.0,7.8
64,Chile,CHL,Latin America & Caribbean,2017,80.35,82.601,78.015,0.0255912145030377,15.0,7.6
65,Chile,CHL,Latin America & Caribbean,2018,80.133,82.527,77.684,0.0262725842425186,15.0,7.4
66,Chile,CHL,Latin America & Caribbean,2019,80.326,82.711,77.894,0.0253460994325708,15.0,7.1
67,Chile,CHL,Latin America & Caribbean,2020,79.377,82.041,76.745,0.0260832217098412,15.0,6.9
68,Chile,CHL,Latin America & Caribbean,2021,78.944,81.437,76.472,,,6.6
69,Chile,CHL,Latin America & Caribbean,2022,79.519,81.877,77.156,,,6.3
70,Colombia,COL,Latin America & Caribbean,2009,74.742,78.054,71.487,0.147672537363672,71.0,19.0
71,Colombia,COL,Latin America & Caribbean,2010,75.033,78.301,71.817,0.146117833815027,71.0,18.4
72,Colombia,COL,Latin America & Caribbean,2011,75.32,78.548,72.141,0.146231127931738,71.0,17.8
73,Colombia,COL,Latin America & Caribbean,2012,75.597,78.787,72.455,0.146250702626543,71.0,17.2
74,Colombia,COL,Latin America & Caribbean,2013,75.827,78.972,72.725,0.145688706592682,70.0,16.6
75,Colombia,COL,Latin America & Caribbean,2014,76.043,79.139,72.985,0.144822237151681,70.0,16.1
76,Colombia,COL,Latin America & Caribbean,2015,76.257,79.292,73.252,0.145105125927597,70.0,15.6
77,Colombia,COL,Latin America & Caribbean,2016,76.471,79.44,73.519,0.14527570821142,70.0,15.1
78,Colombia,COL,Latin America & Caribbean,2017,76.646,79.535,73.759,0.148089274834616,71.0,14.6
79,Colombia,COL,Latin America & Caribbean,2018,76.748,79.66,73.842,0.10906059039379,63.0,14.2
80,Colombia,COL,Latin America & Caribbean,2019,76.752,79.721,73.8,0.112972768892938,65.0,13.7
81,Colombia,COL,Latin America & Caribbean,2020,74.769,78.136,71.537,0.128942565337508,75.0,13.3
82,Colombia,COL,Latin America & Caribbean,2021,72.83,76.442,69.404,,,12.8
83,Colombia,COL,Latin America & Caribbean,2022,73.659,77.143,70.319,,,12.4
84,Costa Rica,CRI,Latin America & Caribbean,2009,78.672,81.236,76.216,0.0548547692514591,26.0,10.7
85,Costa Rica,CRI,Latin America & Caribbean,2010,78.67,81.083,76.34,0.0553738999791389,27.0,10.5
86,Costa Rica,CRI,Latin America & Caribbean,2011,79.348,81.711,77.048,0.0505680527965709,24.0,10.2
87,Costa Rica,CRI,Latin America & Caribbean,2012,79.283,81.62,77.009,0.0503724295050059,24.0,9.9
88,Costa Rica,CRI,Latin America & Caribbean,2013,79.403,81.762,77.112,0.048610674080594,23.0,9.6
89,Costa Rica,CRI,Latin America & Caribbean,2014,78.774,81.236,76.409,0.0505379759459386,24.0,9.3
90,Costa Rica,CRI,Latin America & Caribbean,2015,79.086,81.569,76.698,0.0342348793683423,20.0,9.0
91,Costa Rica,CRI,Latin America & Caribbean,2016,79.459,82.008,77.01,0.0323045573956616,19.0,8.8
92,Costa Rica,CRI,Latin America & Caribbean,2017,79.377,81.76,77.07,0.0325556259644824,19.0,8.6
93,Costa Rica,CRI,Latin America & Caribbean,2018,79.484,82.083,76.996,0.0312993976849402,18.0,8.5
94,Costa Rica,CRI,Latin America & Caribbean,2019,79.427,81.953,77.002,0.0325299181053663,19.0,8.3
95,Costa Rica,CRI,Latin America & Caribbean,2020,79.277,81.912,76.751,0.0382262047420681,22.0,8.1
96,Costa Rica,CRI,Latin America & Caribbean,2021,77.023,79.811,74.418,,,7.9
97,Costa Rica,CRI,Latin America & Caribbean,2022,77.32,80.036,74.762,,,7.7
98,Czechia,CZE,Europe & Central Asia,2009,77.0780487804878,80.1,74.2,0.0079216681848614,5.0,3.5
99,Czechia,CZE,Europe & Central Asia,2010,77.4243902439025,80.6,74.4,0.007407522531598,4.0,3.4
100,Czechia,CZE,Europe & Central Asia,2011,77.8731707317073,81.1,74.8,0.0051946059228611,4.0,3.3
101,Czechia,CZE,Europe & Central Asia,2012,78.0756097560976,81.2,75.1,0.0049882304156932,4.0,3.2
102,Czechia,CZE,Europe & Central Asia,2013,78.1756097560976,81.3,75.2,0.0046586057395492,3.0,3.1
103,Czechia,CZE,Europe & Central Asia,2014,78.8243902439024,82.0,75.8,0.0042825999094862,3.0,3.1
104,Czechia,CZE,Europe & Central Asia,2015,78.5780487804878,81.6,75.7,0.0060918035683745,4.0,3.2
105,Czechia,CZE,Europe & Central Asia,2016,79.0268292682927,82.1,76.1,0.0060820329416225,3.0,3.2
106,Czechia,CZE,Europe & Central Asia,2017,78.9780487804878,82.0,76.1,0.0054667354328996,3.0,3.2
107,Czechia,CZE,Europe & Central Asia,2018,79.0292682926829,82.0,76.2,0.0055398554647232,3.0,3.1
108,Czechia,CZE,Europe & Central Asia,2019,79.2292682926829,82.2,76.4,0.0058000811423263,3.0,3.0
109,Czechia,CZE,Europe & Central Asia,2020,78.1756097560976,81.3,75.2,0.0058712922406445,3.0,2.9
110,Czechia,CZE,Europe & Central Asia,2021,77.2219512195122,80.5,74.1,,,2.8
111,Czechia,CZE,Europe & Central Asia,2022,79.0292682926829,82.0,76.2,,,2.6
112,Denmark,DNK,Europe & Central Asia,2009,78.5975609756098,80.8,76.5,0.0118486247581285,7.0,4.2
113,Denmark,DNK,Europe & Central Asia,2010,79.1,81.2,77.1,0.0113498823774159,7.0,4.1
114,Denmark,DNK,Europe & Central Asia,2011,79.8,81.9,77.8,0.0115830471193027,7.0,4.1
115,Denmark,DNK,Europe & Central Asia,2012,80.0512195121951,82.1,78.1,0.0109919747125191,6.0,4.1
116,Denmark,DNK,Europe & Central Asia,2013,80.3,82.4,78.3,0.0071384472929512,5.0,4.1
117,Denmark,DNK,Europe & Central Asia,2014,80.7,82.8,78.7,0.007115231854559,5.0,4.1
118,Denmark,DNK,Europe & Central Asia,2015,80.7024390243902,82.7,78.8,0.0097577976701213,6.0,4.1
119,Denmark,DNK,Europe & Central Asia,2016,80.8536585365854,82.8,79.0,0.0095328589857468,5.0,4.0
120,Denmark,DNK,Europe & Central Asia,2017,81.1024390243903,83.1,79.2,0.0087091144560505,5.0,4.0
121,Denmark,DNK,Europe & Central Asia,2018,80.9536585365854,82.9,79.1,0.0087325657550462,5.0,3.9
122,Denmark,DNK,Europe & Central Asia,2019,81.4512195121951,83.5,79.5,0.0078731686504549,5.0,3.8
123,Denmark,DNK,Europe & Central Asia,2020,81.6024390243903,83.6,79.7,0.0081114646908765,5.0,3.7
124,Denmark,DNK,Europe & Central Asia,2021,81.4048780487805,83.3,79.6,,,3.6
125,Denmark,DNK,Europe & Central Asia,2022,81.3048780487805,83.2,79.5,,,3.5
126,Estonia,EST,Europe & Central Asia,2009,74.8243902439024,80.1,69.8,0.0156795160557097,9.0,5.0
127,Estonia,EST,Europe & Central Asia,2010,75.4292682926829,80.5,70.6,0.0140756980505698,8.0,4.6
128,Estonia,EST,Europe & Central Asia,2011,76.2292682926829,81.3,71.4,0.0132275429522821,8.0,4.2
129,Estonia,EST,Europe & Central Asia,2012,76.3268292682927,81.5,71.4,0.0131136658405419,8.0,3.9
130,Estonia,EST,Europe & Central Asia,2013,77.1414634146341,81.7,72.8,0.0123628290934014,7.0,3.6
131,Estonia,EST,Europe & Central Asia,2014,77.0341463414634,81.9,72.4,0.0113572269553946,7.0,3.4
132,Estonia,EST,Europe & Central Asia,2015,77.590243902439,82.2,73.2,0.0106404956559876,6.0,3.1
133,Estonia,EST,Europe & Central Asia,2016,77.6414634146342,82.2,73.3,0.0100989744321581,6.0,2.9
134,Estonia,EST,Europe & Central Asia,2017,78.0926829268293,82.6,73.8,0.0097436040763875,6.0,2.7
135,Estonia,EST,Europe & Central Asia,2018,78.2439024390244,82.7,74.0,0.0093336396222525,5.0,2.5
136,Estonia,EST,Europe & Central Asia,2019,78.6463414634147,83.0,74.5,0.0088101824931706,5.0,2.3
137,Estonia,EST,Europe & Central Asia,2020,78.5951219512195,83.0,74.4,0.0090076955141237,5.0,2.1
138,Estonia,EST,Europe & Central Asia,2021,76.9439024390244,81.4,72.7,,,2.0
139,Estonia,EST,Europe & Central Asia,2022,77.9439024390244,82.4,73.7,,,1.9
140,France,FRA,Europe & Central Asia,2009,81.4146341463415,85.0,78.0,0.0204203926503537,10.0,4.3
141,France,FRA,Europe & Central Asia,2010,81.6634146341463,85.3,78.2,0.0193158275088565,9.0,4.2
142,France,FRA,Europe & Central Asia,2011,82.1146341463415,85.7,78.7,0.0192085206518741,9.0,4.2
143,France,FRA,Europe & Central Asia,2012,81.9682926829268,85.4,78.7,0.0187306164194581,9.0,4.1
144,France,FRA,Europe & Central Asia,2013,82.219512195122,85.6,79.0,0.0184049224962201,9.0,4.1
145,France,FRA,Europe & Central Asia,2014,82.719512195122,86.1,79.5,0.0181244267470014,9.0,4.1
146,France,FRA,Europe & Central Asia,2015,82.3219512195122,85.6,79.2,0.0132155993059198,8.0,4.2
147,France,FRA,Europe & Central Asia,2016,82.5731707317073,85.8,79.5,0.013293221805454,8.0,4.2
148,France,FRA,Europe & Central Asia,2017,82.5756097560976,85.7,79.6,0.0131347608236836,8.0,4.2
149,France,FRA,Europe & Central Asia,2018,82.6756097560976,85.8,79.7,0.0135794879750964,8.0,4.3
150,France,FRA,Europe & Central Asia,2019,82.8268292682927,85.9,79.9,0.0134579743795898,8.0,4.2
151,France,FRA,Europe & Central Asia,2020,82.1756097560976,85.3,79.2,0.013765120977589,8.0,4.2
152,France,FRA,Europe & Central Asia,2021,82.3243902439024,85.5,79.3,,,4.1
153,France,FRA,Europe & Central Asia,2022,82.2292682926829,85.2,79.4,,,4.1
154,Germany,DEU,Europe & Central Asia,2009,79.8365853658537,82.5,77.3,0.0090739423001591,7.0,4.3
155,Germany,DEU,Europe & Central Asia,2010,79.9878048780488,82.6,77.5,0.0085771006530437,6.0,4.2
156,Germany,DEU,Europe & Central Asia,2011,80.4365853658537,83.1,77.9,0.0083140964626044,6.0,4.1
157,Germany,DEU,Europe & Central Asia,2012,80.5390243902439,83.1,78.1,0.0076466566618672,5.0,4.0
158,Germany,DEU,Europe & Central Asia,2013,80.490243902439,83.0,78.1,0.0074490376810194,5.0,4.0
159,Germany,DEU,Europe & Central Asia,2014,81.090243902439,83.6,78.7,0.0065813568099651,5.0,4.0
160,Germany,DEU,Europe & Central Asia,2015,80.6414634146341,83.1,78.3,0.0063956926478605,5.0,3.9
161,Germany,DEU,Europe & Central Asia,2016,80.990243902439,83.5,78.6,0.0087195900436532,5.0,3.9
162,Germany,DEU,Europe & Central Asia,2017,80.9926829268293,83.4,78.7,0.0082403068265028,5.0,3.9
163,Germany,DEU,Europe & Central Asia,2018,80.8926829268293,83.3,78.6,0.0081936695321674,5.0,3.8
164,Germany,DEU,Europe & Central Asia,2019,81.2926829268293,83.7,79.0,0.0077488367303336,4.0,3.7
165,Germany,DEU,Europe & Central Asia,2020,81.0414634146342,83.5,78.7,0.0077117760445873,4.0,3.7
166,Germany,DEU,Europe & Central Asia,2021,80.790243902439,83.3,78.4,,,3.6
167,Germany,DEU,Europe & Central Asia,2022,80.7056097560976,83.2,78.33,,,3.6
168,Greece,GRC,Europe & Central Asia,2009,80.1878048780488,82.8,77.7,0.0044211785077524,3.0,4.0
169,Greece,GRC,Europe & Central Asia,2010,80.3878048780488,83.0,77.9,0.0047813982664622,3.0,4.0
170,Greece,GRC,Europe & Central Asia,2011,80.7317073170732,83.6,78.0,0.005248249425615,4.0,4.0
171,Greece,GRC,Europe & Central Asia,2012,80.6341463414634,83.4,78.0,0.0060093809773641,4.0,4.0
172,Greece,GRC,Europe & Central Asia,2013,81.2853658536585,84.0,78.7,0.00625567871066,4.0,4.1
173,Greece,GRC,Europe & Central Asia,2014,81.3853658536585,84.1,78.8,0.0067029957515848,5.0,4.2
174,Greece,GRC,Europe & Central Asia,2015,81.0365853658537,83.7,78.5,0.007477494991659,5.0,4.3
175,Greece,GRC,Europe & Central Asia,2016,81.3878048780488,84.0,78.9,0.0074577773607685,5.0,4.3
176,Greece,GRC,Europe & Central Asia,2017,81.2878048780488,83.9,78.8,0.0081574006841362,6.0,4.2
177,Greece,GRC,Europe & Central Asia,2018,81.7878048780488,84.4,79.3,0.0079503267694003,6.0,4.2
178,Greece,GRC,Europe & Central Asia,2019,81.6390243902439,84.2,79.2,0.0083169914697959,6.0,4.1
179,Greece,GRC,Europe & Central Asia,2020,81.2878048780488,83.9,78.8,0.0106648826141707,8.0,4.1
180,Greece,GRC,Europe & Central Asia,2021,80.0829268292683,82.9,77.4,,,4.0
181,Greece,GRC,Europe & Central Asia,2022,80.6365853658537,83.3,78.1,,,3.9
182,Hungary,HUN,Europe & Central Asia,2009,73.9048780487805,77.9,70.1,0.0200178401030854,14.0,6.3
183,Hungary,HUN,Europe & Central Asia,2010,74.2073170731707,78.1,70.5,0.0208378427174324,15.0,6.0
184,Hungary,HUN,Europe & Central Asia,2011,74.8585365853659,78.7,71.2,0.0220533899786295,16.0,5.9
185,Hungary,HUN,Europe & Central Asia,2012,75.0634146341463,78.7,71.6,0.0210234614689344,15.0,5.7
186,Hungary,HUN,Europe & Central Asia,2013,75.5658536585366,79.1,72.2,0.0210465202425781,15.0,5.6
187,Hungary,HUN,Europe & Central Asia,2014,75.7634146341463,79.4,72.3,0.0203788593947714,15.0,5.3
188,Hungary,HUN,Europe & Central Asia,2015,75.5682926829269,79.0,72.3,0.0205549382230339,15.0,5.0
189,Hungary,HUN,Europe & Central Asia,2016,76.0634146341464,79.7,72.6,0.0193668005946581,14.0,4.7
190,Hungary,HUN,Europe & Central Asia,2017,75.8170731707317,79.3,72.5,0.0200953990293484,14.0,4.5
191,Hungary,HUN,Europe & Central Asia,2018,76.0658536585366,79.6,72.7,0.0202669954482274,15.0,4.3
192,Hungary,HUN,Europe & Central Asia,2019,76.3195121951219,79.7,73.1,0.0196186547870459,14.0,4.1
193,Hungary,HUN,Europe & Central Asia,2020,75.5682926829269,79.0,72.3,0.0209209272836296,15.0,4.0
194,Hungary,HUN,Europe & Central Asia,2021,74.1634146341463,77.8,70.7,,,4.0
195,Hungary,HUN,Europe & Central Asia,2022,76.0170731707317,79.5,72.7,,,4.0
196,Iceland,ISL,Europe & Central Asia,2009,81.7512195121951,83.8,79.8,0.006472139126526,3.0,2.7
197,Iceland,ISL,Europe & Central Asia,2010,81.8975609756097,84.1,79.8,0.0061152210566685,3.0,2.7
198,Iceland,ISL,Europe & Central Asia,2011,82.3585365853659,84.1,80.7,0.0061034876641461,3.0,2.7
199,Iceland,ISL,Europe & Central Asia,2012,82.9170731707317,84.3,81.6,0.0058903627480831,3.0,2.6
200,Iceland,ISL,Europe & Central Asia,2013,82.0609756097561,83.7,80.5,0.0076948661110734,4.0,2.6
201,Iceland,ISL,Europe & Central Asia,2014,82.8609756097561,84.5,81.3,0.0066060763493194,3.0,2.6
202,Iceland,ISL,Europe & Central Asia,2015,82.4682926829268,83.8,81.2,0.0071452215583515,3.0,2.6
203,Iceland,ISL,Europe & Central Asia,2016,82.2048780487805,84.1,80.4,0.0052218527509032,3.0,2.6
204,Iceland,ISL,Europe & Central Asia,2017,82.6609756097561,84.3,81.1,0.0048866109285683,3.0,2.6
205,Iceland,ISL,Europe & Central Asia,2018,82.8609756097561,84.5,81.3,0.0048844915532638,3.0,2.7
206,Iceland,ISL,Europe & Central Asia,2019,83.1634146341463,84.7,81.7,0.0054409502583926,3.0,2.7
207,Iceland,ISL,Europe & Central Asia,2020,83.0634146341463,84.6,81.6,0.0055524503412992,3.0,2.7
208,Iceland,ISL,Europe & Central Asia,2021,83.1658536585366,84.6,81.8,,,2.7
209,Iceland,ISL,Europe & Central Asia,2022,82.1707317073171,83.4,81.0,,,2.6
210,Ireland,IRL,Europe & Central Asia,2009,80.190243902439,82.7,77.8,0.0148992292053266,7.0,4.3
211,Ireland,IRL,Europe & Central Asia,2010,80.7439024390244,83.1,78.5,0.0136725718894024,7.0,4.2
212,Ireland,IRL,Europe & Central Asia,2011,80.7463414634146,83.0,78.6,0.0154702529823734,7.0,4.1
213,Ireland,IRL,Europe & Central Asia,2012,80.8463414634146,83.1,78.7,0.0146934645799187,7.0,4.0
214,Ireland,IRL,Europe & Central Asia,2013,80.9487804878049,83.1,78.9,0.0134837081461176,6.0,3.9
215,Ireland,IRL,Europe & Central Asia,2014,81.3487804878049,83.5,79.3,0.0131056608763599,6.0,3.8
216,Ireland,IRL,Europe & Central Asia,2015,81.4536585365854,83.4,79.6,0.0135459168987719,6.0,3.7
217,Ireland,IRL,Europe & Central Asia,2016,81.6536585365854,83.6,79.8,0.0093044210842274,5.0,3.6
218,Ireland,IRL,Europe & Central Asia,2017,82.1560975609756,84.0,80.4,0.0097208703590979,6.0,3.5
219,Ireland,IRL,Europe & Central Asia,2018,82.2048780487805,84.1,80.4,0.0094548716542473,5.0,3.4
220,Ireland,IRL,Europe & Central Asia,2019,82.7024390243903,84.7,80.8,0.0096173598998543,6.0,3.3
221,Ireland,IRL,Europe & Central Asia,2020,82.5560975609756,84.4,80.8,0.008683495010125,5.0,3.3
222,Ireland,IRL,Europe & Central Asia,2021,82.3536585365854,84.3,80.5,,,3.2
223,Ireland,IRL,Europe & Central Asia,2022,83.0560975609756,84.9,81.3,,,3.1
224,Israel,ISR,Middle East & North Africa,2009,81.4048780487805,83.3,79.6,0.0098307702583803,3.0,4.7
225,Israel,ISR,Middle East & North Africa,2010,81.6024390243903,83.6,79.7,0.0092960108804647,3.0,4.6
226,Israel,ISR,Middle East & North Africa,2011,81.6560975609756,83.5,79.9,0.0094098337204327,3.0,4.4
227,Israel,ISR,Middle East & North Africa,2012,81.7048780487805,83.6,79.9,0.0093392261835739,3.0,4.3
228,Israel,ISR,Middle East & North Africa,2013,82.0560975609756,83.9,80.3,0.0091308705781557,3.0,4.1
229,Israel,ISR,Middle East & North Africa,2014,82.1536585365854,84.1,80.3,0.0088254096105251,3.0,4.0
230,Israel,ISR,Middle East & North Africa,2015,82.0512195121951,84.1,80.1,0.0101642508813783,3.0,3.9
231,Israel,ISR,Middle East & North Africa,2016,82.4073170731707,84.2,80.7,0.0099883249147707,3.0,3.8
232,Israel,ISR,Middle East & North Africa,2017,82.5512195121951,84.6,80.6,0.0083527302947332,3.0,3.7
233,Israel,ISR,Middle East & North Africa,2018,82.8024390243903,84.8,80.9,0.0083718713916866,3.0,3.7
234,Israel,ISR,Middle East & North Africa,2019,82.8048780487805,84.7,81.0,0.0082468665056462,3.0,3.6
235,Israel,ISR,Middle East & North Africa,2020,82.6487804878049,84.8,80.6,0.0089089864775904,3.0,3.5
236,Israel,ISR,Middle East & North Africa,2021,82.5,84.6,80.5,,,3.4
237,Israel,ISR,Middle East & North Africa,2022,82.7,84.8,80.7,,,3.4
238,Italy,ITA,Europe & Central Asia,2009,81.6365853658537,84.3,79.1,0.0096581373012586,7.0,4.1
239,Italy,ITA,Europe & Central Asia,2010,82.0365853658537,84.7,79.5,0.0093782017212213,7.0,4.0
240,Italy,ITA,Europe & Central Asia,2011,82.1878048780488,84.8,79.7,0.0095349721101452,7.0,3.9
241,Italy,ITA,Europe & Central Asia,2012,82.2390243902439,84.8,79.8,0.0094571751225925,7.0,3.8
242,Italy,ITA,Europe & Central Asia,2013,82.690243902439,85.2,80.3,0.0094511209037636,7.0,3.7
243,Italy,ITA,Europe & Central Asia,2014,83.090243902439,85.6,80.7,0.0090111344043644,6.0,3.6
244,Italy,ITA,Europe & Central Asia,2015,82.5439024390244,84.9,80.3,0.0090645720299138,7.0,3.5
245,Italy,ITA,Europe & Central Asia,2016,83.2439024390244,85.6,81.0,0.0088049406956426,6.0,3.4
246,Italy,ITA,Europe & Central Asia,2017,82.9463414634147,85.2,80.8,0.0088735048650155,6.0,3.3
247,Italy,ITA,Europe & Central Asia,2018,83.3463414634146,85.6,81.2,0.0051110233524661,5.0,3.2
248,Italy,ITA,Europe & Central Asia,2019,83.4975609756098,85.7,81.4,0.0049408352669086,5.0,3.0
249,Italy,ITA,Europe & Central Asia,2020,82.1951219512195,84.5,80.0,0.0048027543152523,5.0,2.9
250,Italy,ITA,Europe & Central Asia,2021,82.6463414634146,84.9,80.5,,,2.8
251,Italy,ITA,Europe & Central Asia,2022,82.9,85.0,80.9,,,2.6
252,Japan,JPN,East Asia & Pacific,2009,82.9314634146342,86.44,79.59,0.008183386528104,6.0,3.3
253,Japan,JPN,East Asia & Pacific,2010,82.8426829268293,86.3,79.55,0.0078724618404706,6.0,3.2
254,Japan,JPN,East Asia & Pacific,2011,82.5912195121951,85.9,79.44,0.0076260777367896,5.0,3.2
255,Japan,JPN,East Asia & Pacific,2012,83.0960975609756,86.41,79.94,0.0073810451621331,5.0,3.0
256,Japan,JPN,East Asia & Pacific,2013,83.3319512195122,86.61,80.21,0.0071535494684719,5.0,2.9
257,Japan,JPN,East Asia & Pacific,2014,83.5878048780488,86.83,80.5,0.0071040442629945,5.0,2.8
258,Japan,JPN,East Asia & Pacific,2015,83.7939024390244,86.99,80.75,0.0067516007570328,5.0,2.8
259,Japan,JPN,East Asia & Pacific,2016,83.9848780487805,87.14,80.98,0.0067843109917095,5.0,2.7
260,Japan,JPN,East Asia & Pacific,2017,84.099756097561,87.26,81.09,0.0070500289294601,5.0,2.6
261,Japan,JPN,East Asia & Pacific,2018,84.2109756097561,87.32,81.25,0.0072366498636915,5.0,2.5
262,Japan,JPN,East Asia & Pacific,2019,84.3563414634146,87.45,81.41,0.0044395874800163,4.0,2.5
263,Japan,JPN,East Asia & Pacific,2020,84.56,87.71,81.56,0.0045074535772379,4.0,2.4
264,Japan,JPN,East Asia & Pacific,2021,84.4456097560976,87.57,81.47,,,2.3
265,Japan,JPN,East Asia & Pacific,2022,83.9963414634146,87.09,81.05,,,2.3
266,"Korea Rep.",KOR,East Asia & Pacific,2009,79.9682926829268,83.4,76.7,0.0092970346879466,9.0,4.3
267,"Korea Rep.",KOR,East Asia & Pacific,2010,80.1170731707317,83.6,76.8,0.00860820114847,8.0,4.1
268,"Korea Rep.",KOR,East Asia & Pacific,2011,80.5682926829269,84.0,77.3,0.0133840864392026,10.0,4.0
269,"Korea Rep.",KOR,East Asia & Pacific,2012,80.819512195122,84.2,77.6,0.0127112329757947,9.0,3.8
270,"Korea Rep.",KOR,East Asia & Pacific,2013,81.2707317073171,84.6,78.1,0.0072679950893714,7.0,3.7
271,"Korea Rep.",KOR,East Asia & Pacific,2014,81.7219512195122,85.0,78.6,0.0067244459174935,6.0,3.6
272,"Korea Rep.",KOR,East Asia & Pacific,2015,82.0243902439024,85.2,79.0,0.0064910937665929,6.0,3.5
273,"Korea Rep.",KOR,East Asia & Pacific,2016,82.2756097560976,85.4,79.3,0.0063672424327661,6.0,3.4
274,"Korea Rep.",KOR,East Asia & Pacific,2017,82.6268292682927,85.7,79.7,0.0064741845035961,6.0,3.3
275,"Korea Rep.",KOR,East Asia & Pacific,2018,82.6268292682927,85.7,79.7,0.0067123633984968,6.0,3.2
276,"Korea Rep.",KOR,East Asia & Pacific,2019,83.2268292682927,86.3,80.3,0.006659249634263,6.0,3.1
277,"Korea Rep.",KOR,East Asia & Pacific,2020,83.4268292682927,86.5,80.5,0.0056503489590316,8.0,3.0
278,"Korea Rep.",KOR,East Asia & Pacific,2021,83.5268292682927,86.6,80.6,,,2.9
279,"Korea Rep.",KOR,East Asia & Pacific,2022,82.6804878048781,85.6,79.9,,,2.8
280,Latvia,LVA,Europe & Central Asia,2009,73.0804878048781,78.1,68.3,0.032475745776274,23.0,8.3
281,Latvia,LVA,Europe & Central Asia,2010,73.4829268292683,78.4,68.8,0.0351545997314136,25.0,7.8
282,Latvia,LVA,Europe & Central Asia,2011,73.5756097560976,78.8,68.6,0.0338610947987091,24.0,7.2
283,Latvia,LVA,Europe & Central Asia,2012,73.7780487804878,78.9,68.9,0.031925552298963,23.0,6.6
284,Latvia,LVA,Europe & Central Asia,2013,73.9829268292683,78.9,69.3,0.0291247049049222,21.0,6.0
285,Latvia,LVA,Europe & Central Asia,2014,74.1243902439024,79.4,69.1,0.038708967908344,22.0,5.5
286,Latvia,LVA,Europe & Central Asia,2015,74.4804878048781,79.5,69.7,0.0385187494778792,22.0,5.1
287,Latvia,LVA,Europe & Central Asia,2016,74.580487804878,79.6,69.8,0.0371588709324983,21.0,4.7
288,Latvia,LVA,Europe & Central Asia,2017,74.6292682926829,79.7,69.8,0.0377604135560411,22.0,4.4
289,Latvia,LVA,Europe & Central Asia,2018,74.7829268292683,79.7,70.1,0.0405015792324162,23.0,4.2
290,Latvia,LVA,Europe & Central Asia,2019,75.3878048780488,80.1,70.9,0.0378198960144786,22.0,4.0
291,Latvia,LVA,Europe & Central Asia,2020,75.1853658536585,80.0,70.6,0.025436278499785,18.0,3.7
292,Latvia,LVA,Europe & Central Asia,2021,72.9804878048781,78.0,68.2,,,3.5
293,Latvia,LVA,Europe & Central Asia,2022,74.580487804878,79.6,69.8,,,3.2
294,Lithuania,LTU,Europe & Central Asia,2009,72.9146341463415,78.6,67.5,0.0137426025858648,10.0,6.7
295,Lithuania,LTU,Europe & Central Asia,2010,73.2682926829268,78.8,68.0,0.013403650397394,10.0,6.1
296,Lithuania,LTU,Europe & Central Asia,2011,73.5634146341464,79.3,68.1,0.0118624395606699,9.0,5.6
297,Lithuania,LTU,Europe & Central Asia,2012,73.8634146341464,79.6,68.4,0.0111460454814145,8.0,5.2
298,Lithuania,LTU,Europe & Central Asia,2013,73.9146341463415,79.6,68.5,0.0109886257518263,8.0,5.0
299,Lithuania,LTU,Europe & Central Asia,2014,74.5170731707317,80.1,69.2,0.0150960307917582,9.0,5.0
300,Lithuania,LTU,Europe & Central Asia,2015,74.3219512195122,79.7,69.2,0.0146003143674282,8.0,4.9
301,Lithuania,LTU,Europe & Central Asia,2016,74.6707317073171,80.1,69.5,0.0141241132934563,8.0,4.7
302,Lithuania,LTU,Europe & Central Asia,2017,75.4804878048781,80.5,70.7,0.0139424083953741,8.0,4.3
303,Lithuania,LTU,Europe & Central Asia,2018,75.6804878048781,80.7,70.9,0.0136192811051603,8.0,4.0
304,Lithuania,LTU,Europe & Central Asia,2019,76.2829268292683,81.2,71.6,0.0127787883967556,7.0,3.7
305,Lithuania,LTU,Europe & Central Asia,2020,74.9780487804878,80.1,70.1,0.0150077710840949,9.0,3.6
306,Lithuania,LTU,Europe & Central Asia,2021,74.0365853658537,78.8,69.5,,,3.5
307,Lithuania,LTU,Europe & Central Asia,2022,75.7926829268293,80.3,71.5,,,3.5
308,Luxembourg,LUX,Europe & Central Asia,2009,80.6365853658537,83.3,78.1,0.0147118139852642,8.0,2.9
309,Luxembourg,LUX,Europe & Central Asia,2010,80.6317073170732,83.5,77.9,0.0144000239329607,8.0,2.8
310,Luxembourg,LUX,Europe & Central Asia,2011,80.9878048780488,83.6,78.5,0.0096886865633433,7.0,2.8
311,Luxembourg,LUX,Europe & Central Asia,2012,81.3926829268293,83.8,79.1,0.0147610042625853,8.0,2.7
312,Luxembourg,LUX,Europe & Central Asia,2013,81.8,83.9,79.8,0.0144198905602135,8.0,2.7
313,Luxembourg,LUX,Europe & Central Asia,2014,82.2292682926829,85.2,79.4,0.0087652834141873,6.0,2.7
314,Luxembourg,LUX,Europe & Central Asia,2015,82.2926829268293,84.7,80.0,0.0096459752806865,7.0,2.7
315,Luxembourg,LUX,Europe & Central Asia,2016,82.6853658536585,85.4,80.1,0.0088261704889448,6.0,2.7
316,Luxembourg,LUX,Europe & Central Asia,2017,82.0951219512195,84.4,79.9,0.0093751462104548,7.0,2.7
317,Luxembourg,LUX,Europe & Central Asia,2018,82.2951219512195,84.6,80.1,0.0092388838188025,7.0,2.7
318,Luxembourg,LUX,Europe & Central Asia,2019,82.6390243902439,85.2,80.2,0.0089439913689457,6.0,2.7
319,Luxembourg,LUX,Europe & Central Asia,2020,82.1439024390244,84.5,79.9,0.0090446034714485,6.0,2.7
320,Luxembourg,LUX,Europe & Central Asia,2021,82.5975609756098,84.8,80.5,,,2.7
321,Luxembourg,LUX,Europe & Central Asia,2022,83.0463414634146,85.3,80.9,,,2.7
322,Mexico,MEX,Latin America & Caribbean,2009,74.119,76.993,71.273,0.124104097778649,51.0,19.8
323,Mexico,MEX,Latin America & Caribbean,2010,74.19,77.117,71.295,0.123639126304433,51.0,19.2
324,Mexico,MEX,Latin America & Caribbean,2011,74.365,77.311,71.451,0.121412442486025,50.0,18.5
325,Mexico,MEX,Latin America & Caribbean,2012,74.574,77.535,71.651,0.118918817878421,49.0,17.9
326,Mexico,MEX,Latin America & Caribbean,2013,74.739,77.706,71.814,0.118125520340014,49.0,17.3
327,Mexico,MEX,Latin America & Caribbean,2014,74.797,77.782,71.859,0.119799566017296,50.0,16.8
328,Mexico,MEX,Latin America & Caribbean,2015,74.682,77.692,71.723,0.125719718120095,52.0,16.2
329,Mexico,MEX,Latin America & Caribbean,2016,74.412,77.486,71.398,0.101600169548673,49.0,15.7
330,Mexico,MEX,Latin America & Caribbean,2017,74.138,77.303,71.044,0.108291132861076,52.0,15.2
331,Mexico,MEX,Latin America & Caribbean,2018,74.015,77.286,70.829,0.114857392850021,56.0,14.7
332,Mexico,MEX,Latin America & Caribbean,2019,74.202,77.574,70.931,0.119934833035527,58.0,14.2
333,Mexico,MEX,Latin America & Caribbean,2020,70.133,74.314,66.334,0.121860330518605,59.0,13.7
334,Mexico,MEX,Latin America & Caribbean,2021,70.213,74.864,66.056,,,13.3
335,Mexico,MEX,Latin America & Caribbean,2022,74.832,78.161,71.547,,,12.8
336,Netherlands,NLD,Europe & Central Asia,2009,80.5487804878049,82.7,78.5,0.0122927496306664,7.0,4.6
337,Netherlands,NLD,Europe & Central Asia,2010,80.7024390243902,82.7,78.8,0.0109119491990803,6.0,4.4
338,Netherlands,NLD,Europe & Central Asia,2011,81.2048780487805,83.1,79.4,0.0113027581484979,6.0,4.3
339,Netherlands,NLD,Europe & Central Asia,2012,81.1048780487805,83.0,79.3,0.0106000970908656,6.0,4.2
340,Netherlands,NLD,Europe & Central Asia,2013,81.3048780487805,83.2,79.5,0.0099689670120159,6.0,4.2
341,Netherlands,NLD,Europe & Central Asia,2014,81.7073170731707,83.5,80.0,0.0093844318658972,5.0,4.1
342,Netherlands,NLD,Europe & Central Asia,2015,81.509756097561,83.2,79.9,0.0089784216302481,5.0,4.1
343,Netherlands,NLD,Europe & Central Asia,2016,81.5609756097561,83.2,80.0,0.0089953759876673,5.0,4.1
344,Netherlands,NLD,Europe & Central Asia,2017,81.7609756097561,83.4,80.2,0.0086665771867566,5.0,4.0
345,Netherlands,NLD,Europe & Central Asia,2018,81.8121951219512,83.4,80.3,0.0055600310692947,4.0,4.0
346,Netherlands,NLD,Europe & Central Asia,2019,82.1121951219512,83.7,80.6,0.0054888733945027,4.0,4.0
347,Netherlands,NLD,Europe & Central Asia,2020,81.3585365853659,83.1,79.7,0.0075096885423537,4.0,4.0
348,Netherlands,NLD,Europe & Central Asia,2021,81.309756097561,83.0,79.7,,,4.0
349,Netherlands,NLD,Europe & Central Asia,2022,81.7146341463415,83.2,80.3,,,3.9
350,New Zealand,NZL,East Asia & Pacific,2009,80.7024390243902,82.7,78.8,0.0211931967900793,10.0,6.3
351,New Zealand,NZL,East Asia & Pacific,2010,80.9048780487805,82.8,79.1,0.0205915601866973,10.0,6.2
352,New Zealand,NZL,East Asia & Pacific,2011,81.1560975609756,83.0,79.4,0.0216530014238841,10.0,6.1
353,New Zealand,NZL,East Asia & Pacific,2012,81.4073170731707,83.2,79.7,0.0199658245706153,10.0,6.0
354,New Zealand,NZL,East Asia & Pacific,2013,81.4048780487805,83.3,79.6,0.0136549299181754,8.0,5.8
355,New Zealand,NZL,East Asia & Pacific,2014,81.4568292682927,83.27,79.73,0.0138557427109327,8.0,5.7
356,New Zealand,NZL,East Asia & Pacific,2015,81.6124390243903,83.4,79.91,0.0180306110920587,9.0,5.5
357,New Zealand,NZL,East Asia & Pacific,2016,81.6585365853659,83.4,80.0,0.0135687840835016,8.0,5.3
358,New Zealand,NZL,East Asia & Pacific,2017,81.8585365853659,83.6,80.2,0.0128361683252328,7.0,5.2
359,New Zealand,NZL,East Asia & Pacific,2018,81.7073170731707,83.5,80.0,0.0136948661195743,8.0,5.1
360,New Zealand,NZL,East Asia & Pacific,2019,82.0560975609756,83.9,80.3,0.0125383557655084,7.0,4.9
361,New Zealand,NZL,East Asia & Pacific,2020,82.2560975609756,84.1,80.5,0.0122073366654211,7.0,4.8
362,New Zealand,NZL,East Asia & Pacific,2021,82.2073170731707,84.0,80.5,,,4.7
363,New Zealand,NZL,East Asia & Pacific,2022,82.7609756097561,84.4,81.2,,,4.6
364,Norway,NOR,Europe & Central Asia,2009,80.7951219512195,83.1,78.6,0.0074277653947187,4.0,3.4
365,Norway,NOR,Europe & Central Asia,2010,80.9975609756098,83.2,78.9,0.0069893636558638,4.0,3.3
366,Norway,NOR,Europe & Central Asia,2011,81.2951219512195,83.6,79.1,0.0066375766732484,4.0,3.1
367,Norway,NOR,Europe & Central Asia,2012,81.4512195121951,83.5,79.5,0.0055585680103572,3.0,3.0
368,Norway,NOR,Europe & Central Asia,2013,81.7512195121951,83.8,79.8,0.0054513342228697,3.0,2.9
369,Norway,NOR,Europe & Central Asia,2014,82.1,84.2,80.1,0.0044975745623484,3.0,2.8
370,Norway,NOR,Europe & Central Asia,2015,82.3048780487805,84.2,80.5,0.0041876297857862,2.0,2.7
371,Norway,NOR,Europe & Central Asia,2016,82.4073170731707,84.2,80.7,0.0038855676496743,2.0,2.6
372,Norway,NOR,Europe & Central Asia,2017,82.609756097561,84.3,81.0,0.0037498346533515,2.0,2.5
373,Norway,NOR,Europe & Central Asia,2018,82.7585365853659,84.5,81.1,0.0034724747999532,2.0,2.5
374,Norway,NOR,Europe & Central Asia,2019,82.9585365853659,84.7,81.3,0.0033818949802946,2.0,2.4
375,Norway,NOR,Europe & Central Asia,2020,83.209756097561,84.9,81.6,0.0023176881011082,2.0,2.3
376,Norway,NOR,Europe & Central Asia,2021,83.1634146341463,84.7,81.7,,,2.2
377,Norway,NOR,Europe & Central Asia,2022,82.5609756097561,84.2,81.0,,,2.2
378,Poland,POL,Europe & Central Asia,2009,75.6951219512195,80.1,71.5,0.0041112814284484,3.0,6.3
379,Poland,POL,Europe & Central Asia,2010,76.2463414634146,80.6,72.1,0.0035290102117617,3.0,6.0
380,Poland,POL,Europe & Central Asia,2011,76.6951219512195,81.1,72.5,0.0035338082727907,3.0,5.7
381,Poland,POL,Europe & Central Asia,2012,76.7463414634146,81.1,72.6,0.0033102501336277,2.0,5.4
382,Poland,POL,Europe & Central Asia,2013,77.0,81.2,73.0,0.0031834367378282,2.0,5.2
383,Poland,POL,Europe & Central Asia,2014,77.6024390243903,81.7,73.7,0.0030119644895548,2.0,5.0
384,Poland,POL,Europe & Central Asia,2015,77.4512195121951,81.6,73.5,0.0029224549403125,2.0,4.9
385,Poland,POL,Europe & Central Asia,2016,77.8512195121951,82.0,73.9,0.0027574994766827,2.0,4.8
386,Poland,POL,Europe & Central Asia,2017,77.7536585365854,81.8,73.9,0.0026215907480608,2.0,4.6
387,Poland,POL,Europe & Central Asia,2018,77.6024390243903,81.7,73.7,0.0025939211090622,2.0,4.5
388,Poland,POL,Europe & Central Asia,2019,77.9048780487805,81.9,74.1,0.0026285220536706,2.0,4.4
389,Poland,POL,Europe & Central Asia,2020,76.5,80.7,72.5,0.0027256046362943,2.0,4.4
390,Poland,POL,Europe & Central Asia,2021,75.5024390243902,79.6,71.6,,,4.4
391,Poland,POL,Europe & Central Asia,2022,77.3048780487805,81.3,73.5,,,4.4
392,Portugal,PRT,Europe & Central Asia,2009,78.7268292682927,81.8,75.8,0.0136597518357313,10.0,3.9
393,Portugal,PRT,Europe & Central Asia,2010,79.0268292682927,82.1,76.1,0.0137584185927821,10.0,3.8
394,Portugal,PRT,Europe & Central Asia,2011,80.4707317073171,83.8,77.3,0.0131976570317984,9.0,3.7
395,Portugal,PRT,Europe & Central Asia,2012,80.3731707317073,83.6,77.3,0.0144074395832927,10.0,3.7
396,Portugal,PRT,Europe & Central Asia,2013,80.7219512195122,84.0,77.6,0.0091141585107252,9.0,3.7
397,Portugal,PRT,Europe & Central Asia,2014,81.1219512195122,84.4,78.0,0.0092014498571589,9.0,3.7
398,Portugal,PRT,Europe & Central Asia,2015,81.1243902439025,84.3,78.1,0.0144919867292212,10.0,3.6
399,Portugal,PRT,Europe & Central Asia,2016,81.1243902439025,84.3,78.1,0.0146926468948523,11.0,3.6
400,Portugal,PRT,Europe & Central Asia,2017,81.4243902439025,84.6,78.4,0.0155472058940883,11.0,3.6
401,Portugal,PRT,Europe & Central Asia,2018,81.3243902439024,84.5,78.3,0.0152889737498466,11.0,3.5
402,Portugal,PRT,Europe & Central Asia,2019,81.6756097560976,84.8,78.7,0.0157823660911521,11.0,3.5
403,Portugal,PRT,Europe & Central Asia,2020,80.9756097560976,84.1,78.0,0.0164316043138414,12.0,3.4
404,Portugal,PRT,Europe & Central Asia,2021,81.3780487804878,84.4,78.5,,,3.2
405,Portugal,PRT,Europe & Central Asia,2022,81.5804878048781,84.5,78.8,,,3.2
406,Slovak Republic,SVK,Europe & Central Asia,2009,74.909756097561,78.7,71.3,0.0076052201775045,5.0,7.1
407,Slovak Republic,SVK,Europe & Central Asia,2010,75.1121951219512,78.8,71.6,0.0070744161731461,5.0,6.9
408,Slovak Republic,SVK,Europe & Central Asia,2011,75.9585365853659,79.8,72.3,0.0070251757711853,5.0,6.7
409,Slovak Republic,SVK,Europe & Central Asia,2012,76.109756097561,79.9,72.5,0.007307074663902,5.0,6.6
410,Slovak Republic,SVK,Europe & Central Asia,2013,76.4121951219512,80.1,72.9,0.0076264857286614,5.0,6.4
411,Slovak Republic,SVK,Europe & Central Asia,2014,76.8121951219512,80.5,73.3,0.0072519241943857,5.0,6.3
412,Slovak Republic,SVK,Europe & Central Asia,2015,76.5634146341463,80.2,73.1,0.0067966569769742,5.0,6.2
413,Slovak Republic,SVK,Europe & Central Asia,2016,77.1658536585366,80.7,73.8,0.0071077975009267,5.0,6.1
414,Slovak Republic,SVK,Europe & Central Asia,2017,77.1658536585366,80.7,73.8,0.0066638814501178,5.0,6.0
415,Slovak Republic,SVK,Europe & Central Asia,2018,77.2658536585366,80.8,73.9,0.0064655443202423,5.0,6.0
416,Slovak Republic,SVK,Europe & Central Asia,2019,77.6658536585366,81.2,74.3,0.0067498632286969,5.0,5.9
417,Slovak Republic,SVK,Europe & Central Asia,2020,76.8658536585366,80.4,73.5,0.0067108395583416,5.0,5.9
418,Slovak Republic,SVK,Europe & Central Asia,2021,74.6146341463415,78.2,71.2,,,5.9
419,Slovak Republic,SVK,Europe & Central Asia,2022,77.0658536585366,80.6,73.7,,,5.9
420,Spain,ESP,Europe & Central Asia,2009,81.4756097560976,84.6,78.5,0.0057098183756427,4.0,4.0
421,Spain,ESP,Europe & Central Asia,2010,81.6268292682927,84.7,78.7,0.0054619156338096,4.0,3.8
422,Spain,ESP,Europe & Central Asia,2011,82.4756097560976,85.6,79.5,0.0056729359187854,4.0,3.7
423,Spain,ESP,Europe & Central Asia,2012,82.4268292682927,85.5,79.5,0.0056569237804448,4.0,3.6
424,Spain,ESP,Europe & Central Asia,2013,83.0780487804878,86.1,80.2,0.0057407777218638,4.0,3.5
425,Spain,ESP,Europe & Central Asia,2014,83.2292682926829,86.2,80.4,0.0055856400930447,4.0,3.4
426,Spain,ESP,Europe & Central Asia,2015,82.8317073170732,85.7,80.1,0.0054121621951441,4.0,3.3
427,Spain,ESP,Europe & Central Asia,2016,83.3292682926829,86.3,80.5,0.005341273305245,4.0,3.3
428,Spain,ESP,Europe & Central Asia,2017,83.2829268292683,86.1,80.6,0.0055369297936453,4.0,3.2
429,Spain,ESP,Europe & Central Asia,2018,83.4317073170732,86.3,80.7,0.0056535636741145,4.0,3.2
430,Spain,ESP,Europe & Central Asia,2019,83.8317073170732,86.7,81.1,0.0033135198155787,3.0,3.2
431,Spain,ESP,Europe & Central Asia,2020,82.3317073170732,85.2,79.6,0.0035986083077001,3.0,3.1
432,Spain,ESP,Europe & Central Asia,2021,83.2292682926829,86.2,80.4,,,3.1
433,Spain,ESP,Europe & Central Asia,2022,83.0829268292683,85.9,80.4,,,3.0
434,Sweden,SWE,Europe & Central Asia,2009,81.3512195121951,83.4,79.4,0.0086409966789955,5.0,3.1
435,Sweden,SWE,Europe & Central Asia,2010,81.4512195121951,83.5,79.5,0.0078866483571266,5.0,3.1
436,Sweden,SWE,Europe & Central Asia,2011,81.8024390243903,83.8,79.9,0.0085072424690325,5.0,3.0
437,Sweden,SWE,Europe & Central Asia,2012,81.7048780487805,83.6,79.9,0.0085778749677368,5.0,3.0
438,Sweden,SWE,Europe & Central Asia,2013,81.9560975609756,83.8,80.2,0.0085771334059137,5.0,2.9
439,Sweden,SWE,Europe & Central Asia,2014,82.2536585365854,84.2,80.4,0.0083184177444783,5.0,2.9
440,Sweden,SWE,Europe & Central Asia,2015,82.2048780487805,84.1,80.4,0.0077414539050204,4.0,2.9
441,Sweden,SWE,Europe & Central Asia,2016,82.3073170731707,84.1,80.6,0.0077016915470225,4.0,2.8
442,Sweden,SWE,Europe & Central Asia,2017,82.409756097561,84.1,80.8,0.0078564781302954,5.0,2.8
443,Sweden,SWE,Europe & Central Asia,2018,82.5585365853659,84.3,80.9,0.0078914479247868,5.0,2.7
444,Sweden,SWE,Europe & Central Asia,2019,83.109756097561,84.8,81.5,0.0078836032523563,5.0,2.6
445,Sweden,SWE,Europe & Central Asia,2020,82.3560975609756,84.2,80.6,0.0078494661484597,5.0,2.6
446,Sweden,SWE,Europe & Central Asia,2021,83.0560975609756,84.9,81.3,,,2.5
447,Sweden,SWE,Europe & Central Asia,2022,83.109756097561,84.8,81.5,,,2.5
448,Switzerland,CHE,Europe & Central Asia,2009,82.0439024390244,84.4,79.8,0.0108959094872501,8.0,4.6
449,Switzerland,CHE,Europe & Central Asia,2010,82.2463414634147,84.5,80.1,0.0113098481300758,8.0,4.6
450,Switzerland,CHE,Europe & Central Asia,2011,82.6951219512195,85.0,80.5,0.0112981174063487,8.0,4.5
451,Switzerland,CHE,Europe & Central Asia,2012,82.6975609756098,84.9,80.6,0.0103053840740746,7.0,4.4
452,Switzerland,CHE,Europe & Central Asia,2013,82.7975609756098,85.0,80.7,0.010088562752233,7.0,4.4
453,Switzerland,CHE,Europe & Central Asia,2014,83.1975609756098,85.4,81.1,0.0093411296857975,7.0,4.3
454,Switzerland,CHE,Europe & Central Asia,2015,82.8975609756098,85.1,80.8,0.0090125494052632,6.0,4.3
455,Switzerland,CHE,Europe & Central Asia,2016,83.6024390243903,85.6,81.7,0.0140371863981474,8.0,4.2
456,Switzerland,CHE,Europe & Central Asia,2017,83.5512195121951,85.6,81.6,0.0085680519516295,6.0,4.1
457,Switzerland,CHE,Europe & Central Asia,2018,83.7536585365854,85.7,81.9,0.0129565206040035,7.0,4.1
458,Switzerland,CHE,Europe & Central Asia,2019,83.9048780487805,85.8,82.1,0.0123853772731891,7.0,4.0
459,Switzerland,CHE,Europe & Central Asia,2020,83.0,85.1,81.0,0.0128598135592329,7.0,4.0
460,Switzerland,CHE,Europe & Central Asia,2021,83.7512195121951,85.8,81.8,,,4.0
461,Switzerland,CHE,Europe & Central Asia,2022,83.4536585365854,85.4,81.6,,,4.0
462,Turkiye,TUR,Europe & Central Asia,2009,74.765,77.988,71.57,0.0540064636965083,22.0,19.2
463,Turkiye,TUR,Europe & Central Asia,2010,75.069,78.221,71.927,0.0536284544843534,22.0,17.9
464,Turkiye,TUR,Europe & Central Asia,2011,74.941,78.144,71.779,0.0549613548943054,23.0,16.8
465,Turkiye,TUR,Europe & Central Asia,2012,75.678,78.838,72.517,0.0511166496514656,21.0,15.8
466,Turkiye,TUR,Europe & Central Asia,2013,76.297,79.398,73.162,0.048623718678658,20.0,14.9
467,Turkiye,TUR,Europe & Central Asia,2014,76.565,79.623,73.468,0.047345898196731,19.0,14.0
468,Turkiye,TUR,Europe & Central Asia,2015,76.646,79.787,73.498,0.047166722457519,19.0,13.3
469,Turkiye,TUR,Europe & Central Asia,2016,76.66,79.894,73.448,0.0477161341659697,20.0,12.7
470,Turkiye,TUR,Europe & Central Asia,2017,77.141,80.293,73.985,0.0352588780276015,17.0,12.0
471,Turkiye,TUR,Europe & Central Asia,2018,77.563,80.684,74.417,0.0352240403830894,17.0,11.5
472,Turkiye,TUR,Europe & Central Asia,2019,77.832,80.953,74.68,0.0355194648700967,17.0,11.0
473,Turkiye,TUR,Europe & Central Asia,2020,75.85,79.061,72.772,0.0361792819793737,17.0,10.5
474,Turkiye,TUR,Europe & Central Asia,2021,76.032,79.121,73.04,,,10.1
475,Turkiye,TUR,Europe & Central Asia,2022,78.475,81.495,75.38,,,9.6
476,United Kingdom,GBR,Europe & Central Asia,2009,80.0512195121951,82.1,78.1,0.0175563270104482,10.0,5.4
477,United Kingdom,GBR,Europe & Central Asia,2010,80.4024390243902,82.4,78.5,0.0165650154896873,10.0,5.2
478,United Kingdom,GBR,Europe & Central Asia,2011,80.9512195121951,83.0,79.0,0.0157396769576582,9.0,5.0
479,United Kingdom,GBR,Europe & Central Asia,2012,80.9048780487805,82.8,79.1,0.0144507755081012,8.0,4.8
480,United Kingdom,GBR,Europe & Central Asia,2013,81.0048780487805,82.9,79.2,0.0145363136952682,8.0,4.6
481,United Kingdom,GBR,Europe & Central Asia,2014,81.3048780487805,83.2,79.5,0.0147046577793467,8.0,4.5
482,United Kingdom,GBR,Europe & Central Asia,2015,80.9560975609756,82.8,79.2,0.014588087227577,8.0,4.5
483,United Kingdom,GBR,Europe & Central Asia,2016,81.1560975609756,83.0,79.4,0.0147983702885618,9.0,4.4
484,United Kingdom,GBR,Europe & Central Asia,2017,81.2560975609756,83.1,79.5,0.0148125690179561,9.0,4.4
485,United Kingdom,GBR,Europe & Central Asia,2018,81.2560975609756,83.1,79.5,0.0160080498673089,9.0,4.4
486,United Kingdom,GBR,Europe & Central Asia,2019,81.4048780487805,83.3,79.6,0.0160364184799109,9.0,4.3
487,United Kingdom,GBR,Europe & Central Asia,2020,80.3512195121951,82.4,78.4,0.0171032873674179,10.0,4.3
488,United Kingdom,GBR,Europe & Central Asia,2021,80.7,82.8,78.7,,,4.2
489,United Kingdom,GBR,Europe & Central Asia,2022,82.0585365853659,83.8,80.4,,,4.1
490,United States,USA,North America,2009,78.390243902439,80.9,76.0,0.0319932348722947,15.0,7.5
491,United States,USA,North America,2010,78.5414634146342,81.0,76.2,0.0243663667482852,14.0,7.3
492,United States,USA,North America,2011,78.6414634146341,81.1,76.3,0.0264212081553863,15.0,7.2
493,United States,USA,North America,2012,78.7414634146342,81.2,76.4,0.0273880222234036,16.0,7.1
494,United States,USA,North America,2013,78.7414634146342,81.2,76.4,0.0284187219525554,16.0,7.0
495,United States,USA,North America,2014,78.8414634146341,81.3,76.5,0.0290487957304206,17.0,6.9
496,United States,USA,North America,2015,78.690243902439,81.2,76.3,0.030061301321781,17.0,6.8
497,United States,USA,North America,2016,78.5390243902439,81.1,76.1,0.0318871873009397,18.0,6.7
498,United States,USA,North America,2017,78.5390243902439,81.1,76.1,0.0330834555487871,19.0,6.6
499,United States,USA,North America,2018,78.6390243902439,81.2,76.2,0.0336245502918663,19.0,6.5
500,United States,USA,North America,2019,78.7878048780488,81.4,76.3,0.034318567593978,20.0,6.5
501,United States,USA,North America,2020,76.9804878048781,79.9,74.2,0.0363816314955037,21.0,6.4
502,United States,USA,North America,2021,76.3292682926829,79.3,73.5,,,6.3
503,United States,USA,North America,2022,77.4341463414634,80.2,74.8,,,6.3
