,Country Name,Country Code,Region,Year,Current health expenditure (% of GDP),Current health expenditure per capita (current US$),Domestic general government health expenditure (% of current health expenditure),Domestic private health expenditure (% of current health expenditure),External health expenditure (% of current health expenditure),Out-of-pocket expenditure (% of current health expenditure)
0,Australia,AUS,East Asia & Pacific,2009,8.54473877,4011.93261719,73.01054382,26.98945999,0.0,19.05284309
1,Australia,AUS,East Asia & Pacific,2010,8.42025661,4975.47070313,72.35727692,27.64272499,0.0,19.74928665
2,Australia,AUS,East Asia & Pacific,2011,8.53744984,5909.14990234,73.26029968,26.73970413,0.0,19.17248344
3,Australia,AUS,East Asia & Pacific,2012,8.67456913,6071.65087891,71.23465729,28.76534462,0.0,19.93433952
4,Australia,AUS,East Asia & Pacific,2013,8.75058746,5843.17382813,67.7279892,32.27200699,0.0,19.52692413
5,Australia,AUS,East Asia & Pacific,2014,9.83354282,6130.99853516,70.11465454,29.88535118,0.0,17.84737015
6,Australia,AUS,East Asia & Pacific,2015,10.18225861,5322.97119141,71.02825928,28.97174072,0.0,17.20188141
7,Australia,AUS,East Asia & Pacific,2016,10.09288597,5453.92480469,71.10353088,28.89646912,0.0,16.94656563
8,Australia,AUS,East Asia & Pacific,2017,10.12281322,5813.61376953,71.25540161,28.7446022,0.0,16.60431671
9,Australia,AUS,East Asia & Pacific,2018,10.05971909,5857.28808594,71.47225952,28.52773666,0.0,16.24427223
10,Australia,AUS,East Asia & Pacific,2019,10.21965981,5545.91064453,73.73882294,26.26117706,0.0,14.73396778
11,Australia,AUS,East Asia & Pacific,2020,10.6837368,5958.765625,73.68083191,26.31917,0.0,14.91264343
12,Australia,AUS,East Asia & Pacific,2021,10.54363918,7055.36816406,76.03939819,23.96060181,0.0,13.82497215
13,Austria,AUT,Europe & Central Asia,2009,10.23,4929.0,72.85,27.15,0.0,18.05
14,Austria,AUT,Europe & Central Asia,2010,10.22,4801.0,72.4,27.6,0.0,18.6
15,Austria,AUT,Europe & Central Asia,2011,10.03,5168.0,72.69,27.31,0.0,18.74
16,Austria,AUT,Europe & Central Asia,2012,10.2,4966.0,72.87,27.13,0.0,18.67
17,Austria,AUT,Europe & Central Asia,2013,10.29,5235.0,72.17,27.83,0.0,19.17
18,Austria,AUT,Europe & Central Asia,2014,10.37,5394.0,72.52,27.48,0.0,19.1
19,Austria,AUT,Europe & Central Asia,2015,10.37,4613.0,72.46,27.54,0.0,19.09
20,Austria,AUT,Europe & Central Asia,2016,10.35,4710.0,72.36,27.64,0.0,19.24
21,Austria,AUT,Europe & Central Asia,2017,10.38,4939.0,73.81,26.19,0.0,19.15
22,Austria,AUT,Europe & Central Asia,2018,10.35,5337.0,74.47,25.53,0.0,18.43
23,Austria,AUT,Europe & Central Asia,2019,10.49,5263.0,74.88,25.12,0.0,17.92
24,Austria,AUT,Europe & Central Asia,2020,11.39,5567.0,76.74,23.26,0.0,16.65
25,Austria,AUT,Europe & Central Asia,2021,12.1,6505.0,78.25,21.75,0.0,15.78
26,Belgium,BEL,Europe & Central Asia,2009,10.32117939,4638.43896484,76.30044556,23.69955063,0.0,19.67219925
27,Belgium,BEL,Europe & Central Asia,2010,10.20229435,4531.03369141,76.24723816,23.75276375,0.0,19.72377968
28,Belgium,BEL,Europe & Central Asia,2011,10.36337948,4930.14111328,76.18171692,23.81827736,0.0,19.60092926
29,Belgium,BEL,Europe & Central Asia,2012,10.50204754,4704.47265625,76.45965576,23.54034233,0.0,19.45786667
30,Belgium,BEL,Europe & Central Asia,2013,10.57661152,4954.92431641,75.98609924,24.01390266,0.0,19.74363899
31,Belgium,BEL,Europe & Central Asia,2014,10.60909367,5080.125,76.12174225,23.87826157,0.0,19.53881264
32,Belgium,BEL,Europe & Central Asia,2015,10.79745102,4442.40136719,76.38321686,23.61678123,0.0,19.02587509
33,Belgium,BEL,Europe & Central Asia,2016,10.79354668,4542.79492188,76.77429962,23.22570419,0.0,18.4723587
34,Belgium,BEL,Europe & Central Asia,2017,10.79855728,4782.64697266,76.72920227,23.27079201,0.0,18.40237427
35,Belgium,BEL,Europe & Central Asia,2018,10.86148262,5176.98388672,76.6003418,23.3996563,0.0,18.50161743
36,Belgium,BEL,Europe & Central Asia,2019,10.79477787,5049.57714844,75.22897339,24.77102661,0.0,19.81006432
37,Belgium,BEL,Europe & Central Asia,2020,11.19751263,5104.02539063,77.90409851,22.0959034,0.0,17.39719009
38,Belgium,BEL,Europe & Central Asia,2021,11.04290771,5680.23144531,77.59567261,22.4043293,0.0,17.86028862
39,Canada,CAN,North America,2009,10.66225815,4368.85693359,70.19909668,29.80090141,0.0,15.22482872
40,Canada,CAN,North America,2010,10.67611408,5083.98193359,69.88223267,30.11776161,0.0,15.64700031
41,Canada,CAN,North America,2011,10.37950897,5423.05908203,70.22858429,29.77141762,0.0,15.1972847
42,Canada,CAN,North America,2012,10.50971508,5538.93554688,70.50048065,29.49952698,0.0,15.03200054
43,Canada,CAN,North America,2013,10.41174984,5483.25585938,70.90926361,29.0907383,0.0,14.5929203
44,Canada,CAN,North America,2014,10.25765324,5231.73632813,70.74804688,29.25195313,0.0,14.74378586
45,Canada,CAN,North America,2015,10.73869705,4677.83007813,70.84063721,29.15936279,0.0,14.73381138
46,Canada,CAN,North America,2016,11.0319252,4667.703125,69.84086609,30.15913963,0.0,15.63871956
47,Canada,CAN,North America,2017,10.90631104,4920.72851563,69.61568451,30.38431358,0.0,15.85270691
48,Canada,CAN,North America,2018,10.90542507,5080.32324219,69.68502808,30.31496811,0.0,15.59457874
49,Canada,CAN,North America,2019,11.00887775,5115.97607422,69.51062775,30.48937988,0.0,15.45603371
50,Canada,CAN,North America,2020,13.0351181,5668.34765625,73.69656372,26.30343819,0.0,13.77592468
51,Canada,CAN,North America,2021,12.3341074,6470.06787109,72.91928101,27.0807209,0.0,14.02343464
52,Canada,CAN,North America,2022,11.15471363,6207.18164063,71.31062317,28.68937874,0.0,14.88593388
53,Chile,CHL,Latin America & Caribbean,2009,7.25026846,738.284729,46.86124802,53.12550735,0.01324864,34.58893585
54,Chile,CHL,Latin America & Caribbean,2010,6.81958437,870.70959473,47.10449982,52.88527298,0.01022053,34.46762848
55,Chile,CHL,Latin America & Caribbean,2011,6.79947519,994.66607666,47.15742111,52.84055328,0.002029,34.49925995
56,Chile,CHL,Latin America & Caribbean,2012,7.01951313,1081.46069336,47.93560791,52.06286621,0.0015266,33.40764236
57,Chile,CHL,Latin America & Caribbean,2013,7.47552633,1183.62084961,47.6493454,52.34796524,0.00269315,33.63830948
58,Chile,CHL,Latin America & Caribbean,2014,7.84150124,1150.06164551,47.73588562,52.26168823,0.00242602,34.26873016
59,Chile,CHL,Latin America & Caribbean,2015,8.3513937,1133.27978516,48.01672745,51.98185349,0.00141932,34.50925446
60,Chile,CHL,Latin America & Caribbean,2016,8.55767059,1179.73364258,49.65286255,50.34714127,0.0,34.75082779
61,Chile,CHL,Latin America & Caribbean,2017,9.090518,1367.71643066,50.39948273,49.60051346,0.0,33.30509567
62,Chile,CHL,Latin America & Caribbean,2018,9.22575188,1457.27282715,50.82174683,49.17825317,0.0,33.24672699
63,Chile,CHL,Latin America & Caribbean,2019,9.36262131,1369.48400879,50.91718674,49.08280945,0.0,32.80002975
64,Chile,CHL,Latin America & Caribbean,2020,9.72726822,1280.63232422,56.28879929,43.7111969,0.0,29.32073784
65,Chile,CHL,Latin America & Caribbean,2021,9.34327984,1518.04003906,55.62454224,44.37545776,0.0,30.26623917
66,Chile,CHL,Latin America & Caribbean,2022,9.00162983,1380.68823242,54.711483,45.28852081,0.0,29.78889275
67,Colombia,COL,Latin America & Caribbean,2009,7.3113451,383.54962158,72.05204773,27.89937782,0.04857259,18.01454926
68,Colombia,COL,Latin America & Caribbean,2010,7.07130146,452.0512085,72.2251358,27.71211815,0.06274424,17.0035553
69,Colombia,COL,Latin America & Caribbean,2011,6.78076792,501.29830933,73.49957275,26.34730148,0.15312466,15.31575584
70,Colombia,COL,Latin America & Caribbean,2012,6.74601603,546.21148682,69.86154175,29.61189842,0.52656066,17.85850143
71,Colombia,COL,Latin America & Caribbean,2013,7.01724052,579.87963867,69.85743713,30.14256477,,17.15289879
72,Colombia,COL,Latin America & Caribbean,2014,7.18553209,586.87640381,70.40434265,29.59565735,,16.27700996
73,Colombia,COL,Latin America & Caribbean,2015,7.52338552,468.60543823,70.83104706,29.16895866,,15.40105057
74,Colombia,COL,Latin America & Caribbean,2016,7.53117037,447.06994629,70.32949066,29.67050552,,15.61221027
75,Colombia,COL,Latin America & Caribbean,2017,7.67864323,495.27026367,71.04096222,28.95903397,,15.36301041
76,Colombia,COL,Latin America & Caribbean,2018,7.62541437,517.15844727,71.61445618,28.38554192,,15.1307478
77,Colombia,COL,Latin America & Caribbean,2019,7.77954912,500.73138428,69.87634277,30.12365532,,14.73766041
78,Colombia,COL,Latin America & Caribbean,2020,8.71432114,462.2328186,71.28707886,28.71292496,,14.50628376
79,Colombia,COL,Latin America & Caribbean,2021,9.01772404,557.53948975,72.59104156,27.40896225,,13.66964531
80,Costa Rica,CRI,Latin America & Caribbean,2009,7.86019135,529.60870361,70.94270325,28.77338409,0.28391573,26.40225029
81,Costa Rica,CRI,Latin America & Caribbean,2010,8.02937794,654.17340088,72.31500244,27.4743309,0.21066861,25.38431358
82,Costa Rica,CRI,Latin America & Caribbean,2011,8.12197781,742.14190674,70.19308472,29.6776371,0.12927732,25.78322983
83,Costa Rica,CRI,Latin America & Caribbean,2012,7.78642321,776.43487549,70.68045807,29.25608253,0.06346241,24.5027504
84,Costa Rica,CRI,Latin America & Caribbean,2013,7.68229342,816.87872314,71.00035858,28.96062088,0.03902256,23.22566605
85,Costa Rica,CRI,Latin America & Caribbean,2014,7.66376162,822.91003418,71.02149963,28.95438957,0.02410425,24.41330528
86,Costa Rica,CRI,Latin America & Caribbean,2015,7.59196234,875.34973145,72.70618439,27.28743935,0.00636806,22.59923172
87,Costa Rica,CRI,Latin America & Caribbean,2016,7.31724358,870.73840332,73.32389069,26.64774513,0.02836165,22.20295334
88,Costa Rica,CRI,Latin America & Caribbean,2017,7.04522991,853.75048828,73.50926971,26.43719864,0.05353978,21.25539017
89,Costa Rica,CRI,Latin America & Caribbean,2018,7.28587723,902.22119141,72.39395142,27.59983826,0.0062117,22.4164257
90,Costa Rica,CRI,Latin America & Caribbean,2019,7.22124958,914.88470459,72.53588104,27.46307182,0.00104268,22.32456398
91,Costa Rica,CRI,Latin America & Caribbean,2020,7.8254571,953.08251953,71.80640411,28.05780602,0.13579112,20.28676224
92,Costa Rica,CRI,Latin America & Caribbean,2021,7.56881428,948.92163086,70.01499939,29.93803596,0.04696032,20.74214363
93,Czechia,CZE,Europe & Central Asia,2009,7.24880648,1442.24279785,82.8833847,17.11661911,0.0,15.05053902
94,Czechia,CZE,Europe & Central Asia,2010,7.58647251,1516.04858398,84.51136017,15.48863792,0.0,14.2299242
95,Czechia,CZE,Europe & Central Asia,2011,7.5580225,1654.51013184,84.2374649,15.76253319,0.0,14.48907757
96,Czechia,CZE,Europe & Central Asia,2012,7.62448311,1515.81604004,84.27142334,15.72857571,0.0,14.48685932
97,Czechia,CZE,Europe & Central Asia,2013,7.52132368,1514.01403809,84.16907501,15.8309288,0.0,14.55643177
98,Czechia,CZE,Europe & Central Asia,2014,7.61248875,1516.05627441,83.77411652,16.22588921,0.0,14.5649786
99,Czechia,CZE,Europe & Central Asia,2015,7.36897945,1314.83728027,83.96208191,16.03791618,0.0,14.85551357
100,Czechia,CZE,Europe & Central Asia,2016,7.44554329,1384.66357422,83.91020203,16.08979797,0.0,14.82668877
101,Czechia,CZE,Europe & Central Asia,2017,7.38071585,1525.34790039,84.04471588,15.95528316,0.0,14.54629707
102,Czechia,CZE,Europe & Central Asia,2018,7.47048092,1753.19897461,84.53879547,15.46120453,0.0,14.18668938
103,Czechia,CZE,Europe & Central Asia,2019,7.60336018,1803.05249023,84.66940308,15.33059788,0.0,14.09247589
104,Czechia,CZE,Europe & Central Asia,2020,9.2136879,2119.26831055,87.44061279,12.55939102,0.0,11.52823639
105,Czechia,CZE,Europe & Central Asia,2021,9.4887867,2498.51660156,86.17588806,13.82410717,,12.72645092
106,Denmark,DNK,Europe & Central Asia,2009,10.67,6222.0,84.46,15.54,0.0,13.68
107,Denmark,DNK,Europe & Central Asia,2010,10.61,6171.0,84.27,15.73,0.0,13.71
108,Denmark,DNK,Europe & Central Asia,2011,10.41,6438.0,83.94,16.06,0.0,13.9
109,Denmark,DNK,Europe & Central Asia,2012,10.52,6168.0,84.37,15.63,0.0,13.51
110,Denmark,DNK,Europe & Central Asia,2013,10.33,6334.0,84.46,15.54,0.0,13.35
111,Denmark,DNK,Europe & Central Asia,2014,10.31,6467.0,84.44,15.56,0.0,13.34
112,Denmark,DNK,Europe & Central Asia,2015,10.34,5532.0,84.26,15.74,0.0,13.46
113,Denmark,DNK,Europe & Central Asia,2016,10.25,5624.0,84.18,15.82,0.0,13.52
114,Denmark,DNK,Europe & Central Asia,2017,10.1,5834.0,83.96,16.04,0.0,13.69
115,Denmark,DNK,Europe & Central Asia,2018,10.1,6233.0,83.75,16.25,0.0,13.82
116,Denmark,DNK,Europe & Central Asia,2019,10.15,6059.0,83.71,16.29,0.0,13.79
117,Denmark,DNK,Europe & Central Asia,2020,10.56,6442.0,84.76,15.24,0.0,12.93
118,Denmark,DNK,Europe & Central Asia,2021,10.82,7382.0,85.21,14.79,0.0,12.6
119,Denmark,DNK,Europe & Central Asia,2022,9.5,6332.0,84.78,15.22,0.0,12.93
120,Estonia,EST,Europe & Central Asia,2009,6.84477043,1006.50708008,76.34546661,23.30151558,0.3530201,21.27200127
121,Estonia,EST,Europe & Central Asia,2010,6.59433842,966.19024658,73.40018463,24.8643322,1.7354821,22.87998962
122,Estonia,EST,Europe & Central Asia,2011,6.0781703,1061.1628418,74.11393738,24.51578903,1.37027693,22.58291626
123,Estonia,EST,Europe & Central Asia,2012,6.09506845,1058.71960449,75.15532684,24.47204399,0.37263575,22.6033802
124,Estonia,EST,Europe & Central Asia,2013,6.28062296,1194.86206055,74.44730377,25.43497849,0.11771376,23.64317131
125,Estonia,EST,Europe & Central Asia,2014,6.36199903,1287.76123047,74.51786041,25.25317192,0.22896694,23.55067253
126,Estonia,EST,Europe & Central Asia,2015,6.64135027,1156.20275879,74.43005371,25.37299347,0.19696037,23.76541138
127,Estonia,EST,Europe & Central Asia,2016,6.70240974,1226.0859375,74.41002655,25.41053581,0.17943572,23.78951073
128,Estonia,EST,Europe & Central Asia,2017,6.59727097,1350.12646484,73.49200439,26.48119926,0.02680308,24.89319992
129,Estonia,EST,Europe & Central Asia,2018,6.6912818,1553.43347168,73.58968353,26.38666153,0.02365383,24.66475487
130,Estonia,EST,Europe & Central Asia,2019,6.81699181,1599.3503418,74.36911011,25.6101284,0.02076003,24.06137466
131,Estonia,EST,Europe & Central Asia,2020,7.57906532,1789.03479004,77.0227356,22.95885277,0.01841656,21.5740242
132,Estonia,EST,Europe & Central Asia,2021,7.49057293,2094.50317383,76.16278839,23.82134056,0.0158712,22.25318909
133,Estonia,EST,Europe & Central Asia,2022,6.94306278,1986.31225586,,,,
134,France,FRA,Europe & Central Asia,2009,11.28756237,4737.578125,70.67965698,29.31966209,,10.16672707
135,France,FRA,Europe & Central Asia,2010,11.22560215,4592.38330078,70.44328308,29.55679321,,10.23503876
136,France,FRA,Europe & Central Asia,2011,11.18497562,4931.87792969,70.20536041,29.79430199,,10.23990726
137,France,FRA,Europe & Central Asia,2012,11.29740047,4644.59570313,70.29095459,29.70903397,,10.11995983
138,France,FRA,Europe & Central Asia,2013,11.39603043,4884.76660156,70.36158752,29.63798332,,10.01569843
139,France,FRA,Europe & Central Asia,2014,11.53937244,4980.81494141,70.40142822,29.59880257,,9.96313763
140,France,FRA,Europe & Central Asia,2015,11.44817352,4201.78173828,72.34539032,27.65466118,,9.73821735
141,France,FRA,Europe & Central Asia,2016,11.47060013,4256.765625,75.08609009,24.91371346,,9.62385559
142,France,FRA,Europe & Central Asia,2017,11.35469437,4410.59912109,75.78040314,24.21971703,,9.69319725
143,France,FRA,Europe & Central Asia,2018,11.20798969,4666.97998047,75.78581238,24.21407509,,9.49986362
144,France,FRA,Europe & Central Asia,2019,11.0888586,4504.48486328,75.1590271,24.84062386,,9.45291996
145,France,FRA,Europe & Central Asia,2020,12.13096142,4755.44042969,76.77419281,23.22595406,,8.83838749
146,France,FRA,Europe & Central Asia,2021,12.30787277,5380.875,75.61846161,24.3813591,,8.92467976
147,Germany,DEU,Europe & Central Asia,2009,11.23791218,4674.91943359,75.65245056,24.34755135,,13.89635754
148,Germany,DEU,Europe & Central Asia,2010,11.09592915,4611.421875,75.68952179,24.3104763,,13.96304226
149,Germany,DEU,Europe & Central Asia,2011,10.77844906,5037.49169922,75.41264343,24.58735847,,14.00676441
150,Germany,DEU,Europe & Central Asia,2012,10.85345554,4765.67871094,75.43839264,24.56160355,,14.17265987
151,Germany,DEU,Europe & Central Asia,2013,10.99905777,5100.15234375,76.41500092,23.58499718,,13.3224678
152,Germany,DEU,Europe & Central Asia,2014,11.02588272,5309.15478516,77.02052307,22.97947502,,13.00751305
153,Germany,DEU,Europe & Central Asia,2015,11.19047737,4627.35791016,76.97198486,23.02801704,,13.08010769
154,Germany,DEU,Europe & Central Asia,2016,11.241889,4746.87011719,77.31069946,22.68930054,,12.95303154
155,Germany,DEU,Europe & Central Asia,2017,11.33617592,5070.19580078,77.60137939,22.39862251,,12.91704845
156,Germany,DEU,Europe & Central Asia,2018,11.48051548,5511.21435547,77.26408386,22.73591995,,13.16894913
157,Germany,DEU,Europe & Central Asia,2019,11.71550655,5486.98876953,77.16374969,22.83625412,,13.4410553
158,Germany,DEU,Europe & Central Asia,2020,12.69255257,5936.25146484,78.50225067,21.49774742,,12.40803623
159,Germany,DEU,Europe & Central Asia,2021,12.93412971,6626.00488281,79.04927826,20.95072556,,12.16129494
160,Germany,DEU,Europe & Central Asia,2022,12.65471077,6191.03515625,,,,
161,Greece,GRC,Europe & Central Asia,2009,9.40688515,2809.05957031,68.3194046,31.66892624,0.00954611,29.50236702
162,Greece,GRC,Europe & Central Asia,2010,9.59662342,2564.36938477,68.9044342,31.07613182,0.01943432,28.25885201
163,Greece,GRC,Europe & Central Asia,2011,9.19330311,2338.91503906,65.70301819,34.11079407,0.18618846,31.15847778
164,Greece,GRC,Europe & Central Asia,2012,8.92415524,1948.24853516,63.6038208,36.25056839,0.14561565,30.44895744
165,Greece,GRC,Europe & Central Asia,2013,8.43796444,1832.02966309,61.39288712,37.78619766,0.82154316,33.73968506
166,Greece,GRC,Europe & Central Asia,2014,7.89141178,1700.49438477,56.87366104,41.82204437,1.30528772,37.19989777
167,Greece,GRC,Europe & Central Asia,2015,8.22004509,1481.41967773,57.6655159,40.72573471,1.61168659,36.03544998
168,Greece,GRC,Europe & Central Asia,2016,8.44874668,1513.25915527,51.39862061,48.34552765,0.25555748,34.30806351
169,Greece,GRC,Europe & Central Asia,2017,8.13515854,1509.7845459,52.16238785,47.6586113,0.17876692,34.99513245
170,Greece,GRC,Europe & Central Asia,2018,8.12024307,1603.07788086,52.16479111,47.70189667,0.13328013,36.08006287
171,Greece,GRC,Europe & Central Asia,2019,8.19811249,1569.02905273,48.76079941,51.10738754,0.13182873,33.6427269
172,Greece,GRC,Europe & Central Asia,2020,9.50363827,1675.11706543,53.9720726,45.87639236,0.15133707,33.43839645
173,Greece,GRC,Europe & Central Asia,2021,9.17298794,1845.77563477,59.2116127,40.65595627,0.13252723,33.32963943
174,Hungary,HUN,Europe & Central Asia,2009,7.22,944.0,67.98,32.02,,26.27
175,Hungary,HUN,Europe & Central Asia,2010,7.45,983.0,66.63,33.37,,27.45
176,Hungary,HUN,Europe & Central Asia,2011,7.48,1063.0,66.22,33.78,,28.24
177,Hungary,HUN,Europe & Central Asia,2012,7.41,961.0,64.84,35.16,,29.4
178,Hungary,HUN,Europe & Central Asia,2013,7.23,991.0,66.21,33.79,,28.38
179,Hungary,HUN,Europe & Central Asia,2014,7.05,1006.0,66.72,33.28,,28.36
180,Hungary,HUN,Europe & Central Asia,2015,6.85,871.0,67.79,32.21,0.0,27.49
181,Hungary,HUN,Europe & Central Asia,2016,6.99,914.0,67.71,32.29,0.0,27.69
182,Hungary,HUN,Europe & Central Asia,2017,6.74,985.0,68.46,31.54,0.0,27.25
183,Hungary,HUN,Europe & Central Asia,2018,6.58,1080.0,69.22,30.78,0.0,26.79
184,Hungary,HUN,Europe & Central Asia,2019,6.28,1054.0,68.33,31.67,0.0,27.79
185,Hungary,HUN,Europe & Central Asia,2020,7.29,1173.0,70.47,29.53,0.0,26.15
186,Hungary,HUN,Europe & Central Asia,2021,7.38,1382.0,72.22,27.78,0.0,24.64
187,Iceland,ISL,Europe & Central Asia,2009,8.78,3621.0,81.64,18.36,0.0,16.87
188,Iceland,ISL,Europe & Central Asia,2010,8.36,3612.0,79.86,20.14,0.0,18.66
189,Iceland,ISL,Europe & Central Asia,2011,8.2,3911.0,80.01,19.99,0.0,18.5
190,Iceland,ISL,Europe & Central Asia,2012,8.18,3760.0,79.92,20.08,0.0,18.57
191,Iceland,ISL,Europe & Central Asia,2013,8.18,4069.0,80.23,19.77,0.0,18.26
192,Iceland,ISL,Europe & Central Asia,2014,8.23,4488.0,80.49,19.51,0.0,17.98
193,Iceland,ISL,Europe & Central Asia,2015,8.07,4270.0,80.81,19.19,0.0,17.64
194,Iceland,ISL,Europe & Central Asia,2016,8.1,5016.0,81.51,18.49,0.0,16.87
195,Iceland,ISL,Europe & Central Asia,2017,8.26,5945.0,81.86,18.14,0.0,16.45
196,Iceland,ISL,Europe & Central Asia,2018,8.38,6234.0,82.38,17.62,0.0,15.94
197,Iceland,ISL,Europe & Central Asia,2019,8.58,5865.0,82.8,17.2,0.0,15.55
198,Iceland,ISL,Europe & Central Asia,2020,9.61,5652.0,83.33,16.67,0.0,14.98
199,Iceland,ISL,Europe & Central Asia,2021,9.73,6716.0,83.67,16.33,0.0,14.65
200,Iceland,ISL,Europe & Central Asia,2022,8.57,6400.0,,,,
201,Ireland,IRL,Europe & Central Asia,2009,10.52275658,5502.88769531,77.07170868,22.92828941,,12.70052719
202,Ireland,IRL,Europe & Central Asia,2010,10.52404499,5133.45507813,76.17775726,23.82225037,,13.79563713
203,Ireland,IRL,Europe & Central Asia,2011,10.60614967,5545.76416016,72.06628418,27.93371964,,13.68123627
204,Ireland,IRL,Europe & Central Asia,2012,10.59787655,5210.36376953,71.91573334,28.08426857,,13.6864109
205,Ireland,IRL,Europe & Central Asia,2013,10.27730751,5313.70947266,70.79932404,29.20067787,,14.03243828
206,Ireland,IRL,Europe & Central Asia,2014,9.51343918,5316.26953125,71.20056152,28.79944038,,14.06730461
207,Ireland,IRL,Europe & Central Asia,2015,7.33597517,4575.94482422,71.79323578,28.20676231,,13.4673748
208,Ireland,IRL,Europe & Central Asia,2016,7.46859169,4726.31298828,72.46882629,27.53117561,,13.09135437
209,Ireland,IRL,Europe & Central Asia,2017,7.12621927,5010.25634766,72.97912598,27.02087402,,12.60847664
210,Ireland,IRL,Europe & Central Asia,2018,6.49550152,5187.05761719,72.99652863,27.00347137,,12.58393192
211,Ireland,IRL,Europe & Central Asia,2019,6.7090106,5462.73095703,74.24878693,25.75121117,,12.13262558
212,Ireland,IRL,Europe & Central Asia,2020,7.1091466,6098.26660156,78.03440857,21.96558952,,10.93066502
213,Ireland,IRL,Europe & Central Asia,2021,6.71662664,6764.25878906,77.39710236,22.60289192,,10.68828297
214,Ireland,IRL,Europe & Central Asia,2022,6.07060957,6349.47753906,,,,
215,Israel,ISR,Middle East & North Africa,2009,6.92,2036.0,61.22,37.48,1.3,25.42
216,Israel,ISR,Middle East & North Africa,2010,6.89,2240.0,62.8,35.91,1.29,23.81
217,Israel,ISR,Middle East & North Africa,2011,6.84,2446.0,62.59,36.06,1.35,23.76
218,Israel,ISR,Middle East & North Africa,2012,6.98,2410.0,62.61,35.98,1.41,23.41
219,Israel,ISR,Middle East & North Africa,2013,6.96,2681.0,63.42,35.19,1.39,22.65
220,Israel,ISR,Middle East & North Africa,2014,7.05,2816.0,63.13,35.53,1.33,23.01
221,Israel,ISR,Middle East & North Africa,2015,7.02,2661.0,63.42,35.18,1.4,22.5
222,Israel,ISR,Middle East & North Africa,2016,7.1,2801.0,63.32,35.35,1.34,22.82
223,Israel,ISR,Middle East & North Africa,2017,7.18,3094.0,63.88,34.74,1.38,22.43
224,Israel,ISR,Middle East & North Africa,2018,7.23,3220.0,64.66,33.95,1.39,21.84
225,Israel,ISR,Middle East & North Africa,2019,7.17,3354.0,64.82,33.77,1.42,21.36
226,Israel,ISR,Middle East & North Africa,2020,7.71,3637.0,68.19,31.15,0.66,20.12
227,Israel,ISR,Middle East & North Africa,2021,7.9,4339.0,68.18,30.8,1.02,19.8
228,Italy,ITA,Europe & Central Asia,2009,8.95,3338.0,78.31,21.69,,20.66
229,Italy,ITA,Europe & Central Asia,2010,8.92,3218.0,78.45,21.55,,20.55
230,Italy,ITA,Europe & Central Asia,2011,8.77,3392.0,77.01,22.99,,22.03
231,Italy,ITA,Europe & Central Asia,2012,8.78,3086.0,75.88,24.12,,22.08
232,Italy,ITA,Europe & Central Asia,2013,8.78,3149.0,75.76,24.24,,22.23
233,Italy,ITA,Europe & Central Asia,2014,8.87,3154.0,75.42,24.58,,22.54
234,Italy,ITA,Europe & Central Asia,2015,8.86,2676.0,74.44,25.56,,23.47
235,Italy,ITA,Europe & Central Asia,2016,8.73,2700.0,74.4,25.6,,23.32
236,Italy,ITA,Europe & Central Asia,2017,8.68,2810.0,73.74,26.26,,23.81
237,Italy,ITA,Europe & Central Asia,2018,8.68,3003.0,73.86,26.14,,23.55
238,Italy,ITA,Europe & Central Asia,2019,8.66,2911.0,73.74,26.26,,23.46
239,Italy,ITA,Europe & Central Asia,2020,9.63,3062.0,75.93,24.07,,21.46
240,Italy,ITA,Europe & Central Asia,2021,9.38,3350.0,75.46,24.54,,21.89
241,Italy,ITA,Europe & Central Asia,2022,9.0,3066.0,,,,
242,Japan,JPN,East Asia & Pacific,2009,8.96,3699.0,81.29,18.71,0.0,15.16
243,Japan,JPN,East Asia & Pacific,2010,9.06,4074.0,81.93,18.07,0.0,14.57
244,Japan,JPN,East Asia & Pacific,2011,10.49,5107.0,83.74,16.26,0.0,13.12
245,Japan,JPN,East Asia & Pacific,2012,10.67,5235.0,83.93,16.07,0.0,12.97
246,Japan,JPN,East Asia & Pacific,2013,10.67,4358.0,84.26,15.74,0.0,12.7
247,Japan,JPN,East Asia & Pacific,2014,10.73,4122.0,84.12,15.88,0.0,12.87
248,Japan,JPN,East Asia & Pacific,2015,10.75,3755.0,84.08,15.92,0.0,12.95
249,Japan,JPN,East Asia & Pacific,2016,10.66,4200.0,84.04,15.96,0.0,12.85
250,Japan,JPN,East Asia & Pacific,2017,10.66,4148.0,84.21,15.79,0.0,12.65
251,Japan,JPN,East Asia & Pacific,2018,10.74,4288.0,83.77,16.23,0.0,12.99
252,Japan,JPN,East Asia & Pacific,2019,10.97,4463.0,83.96,16.04,0.0,12.9
253,Japan,JPN,East Asia & Pacific,2020,11.0,4436.0,84.86,15.14,0.0,11.94
254,Japan,JPN,East Asia & Pacific,2021,10.82,4347.0,84.72,15.28,0.0,12.03
255,"Korea Rep.",KOR,East Asia & Pacific,2009,5.65905666,1099.13916016,58.55349731,41.44650269,0.0,34.72049713
256,"Korea Rep.",KOR,East Asia & Pacific,2010,5.81980991,1363.56091309,58.39510345,41.60490036,0.0,34.80883026
257,"Korea Rep.",KOR,East Asia & Pacific,2011,5.91454506,1507.55664063,57.58573914,42.41425323,0.0,34.93216705
258,"Korea Rep.",KOR,East Asia & Pacific,2012,6.0325017,1553.32824707,56.68458176,43.31542206,0.0,35.33079147
259,"Korea Rep.",KOR,East Asia & Pacific,2013,6.15069818,1682.76391602,56.94832993,43.05167007,0.0,34.90507889
260,"Korea Rep.",KOR,East Asia & Pacific,2014,6.40432453,1880.4420166,56.24461365,43.75538635,0.0,34.75905991
261,"Korea Rep.",KOR,East Asia & Pacific,2015,6.58926058,1894.34753418,56.31253433,43.68746567,0.0,34.46717072
262,"Korea Rep.",KOR,East Asia & Pacific,2016,6.87049913,2008.0982666,56.34820938,43.65179443,0.0,34.05442047
263,"Korea Rep.",KOR,East Asia & Pacific,2017,7.04742336,2220.56420898,56.9288063,43.0711937,0.0,33.44021225
264,"Korea Rep.",KOR,East Asia & Pacific,2018,7.49119806,2501.13964844,57.37576294,42.62424088,0.0,33.05436707
265,"Korea Rep.",KOR,East Asia & Pacific,2019,8.17479515,2605.9934082,57.88367844,42.11632538,0.0,31.61123085
266,"Korea Rep.",KOR,East Asia & Pacific,2020,8.3497715,2648.22412109,59.83224487,40.16776276,0.0,28.98741913
267,"Korea Rep.",KOR,East Asia & Pacific,2021,9.33145523,3260.44873047,61.00071716,38.99928284,0.0,29.09882355
268,"Korea Rep.",KOR,East Asia & Pacific,2022,9.72047997,3123.94702148,61.44525146,38.55474854,0.0,28.0479641
269,Latvia,LVA,Europe & Central Asia,2009,6.1,745.0,59.65,39.87,0.48,38.78
270,Latvia,LVA,Europe & Central Asia,2010,6.1,689.0,60.18,39.81,0.01,37.19
271,Latvia,LVA,Europe & Central Asia,2011,5.72,765.0,63.5,36.5,,34.3
272,Latvia,LVA,Europe & Central Asia,2012,5.41,746.0,60.35,39.65,,37.82
273,Latvia,LVA,Europe & Central Asia,2013,5.41,807.0,60.01,39.99,,38.47
274,Latvia,LVA,Europe & Central Asia,2014,5.46,857.0,59.67,40.33,,39.11
275,Latvia,LVA,Europe & Central Asia,2015,5.65,776.0,58.68,41.31,,40.53
276,Latvia,LVA,Europe & Central Asia,2016,6.13,875.0,55.85,44.16,,43.44
277,Latvia,LVA,Europe & Central Asia,2017,5.97,933.0,57.17,42.67,0.16,42.01
278,Latvia,LVA,Europe & Central Asia,2018,6.19,1101.0,59.72,40.12,0.16,39.34
279,Latvia,LVA,Europe & Central Asia,2019,6.61,1183.0,59.86,39.88,0.27,35.23
280,Latvia,LVA,Europe & Central Asia,2020,7.25,1313.0,63.44,36.39,0.17,32.09
281,Latvia,LVA,Europe & Central Asia,2021,9.04,1898.0,69.33,30.53,0.14,26.99
282,Lithuania,LTU,Europe & Central Asia,2009,7.37,865.0,71.88,28.02,0.11,26.82
283,Lithuania,LTU,Europe & Central Asia,2010,6.81,805.0,71.09,28.74,0.17,27.59
284,Lithuania,LTU,Europe & Central Asia,2011,6.49,925.0,70.33,29.5,0.17,28.22
285,Lithuania,LTU,Europe & Central Asia,2012,6.28,897.0,66.62,33.25,0.14,31.8
286,Lithuania,LTU,Europe & Central Asia,2013,6.13,959.0,65.59,34.27,0.14,32.82
287,Lithuania,LTU,Europe & Central Asia,2014,6.19,1021.0,66.57,33.29,0.13,31.49
288,Lithuania,LTU,Europe & Central Asia,2015,6.49,920.0,66.09,33.62,0.29,31.84
289,Lithuania,LTU,Europe & Central Asia,2016,6.64,989.0,65.76,34.01,0.23,32.32
290,Lithuania,LTU,Europe & Central Asia,2017,6.48,1083.0,65.46,34.39,0.15,32.28
291,Lithuania,LTU,Europe & Central Asia,2018,6.53,1249.0,65.99,33.7,0.31,31.52
292,Lithuania,LTU,Europe & Central Asia,2019,6.99,1370.0,65.09,34.55,0.36,32.27
293,Lithuania,LTU,Europe & Central Asia,2020,7.48,1520.0,68.7,30.74,0.57,28.66
294,Lithuania,LTU,Europe & Central Asia,2021,7.82,1859.0,67.18,32.33,0.49,30.16
295,Lithuania,LTU,Europe & Central Asia,2022,7.46,1868.0,,,,
296,Luxembourg,LUX,Europe & Central Asia,2009,6.95,7671.0,86.71,13.28,,9.89
297,Luxembourg,LUX,Europe & Central Asia,2010,6.66,7460.0,85.93,14.08,,10.23
298,Luxembourg,LUX,Europe & Central Asia,2011,5.95,7175.0,83.41,16.58,0.0,10.88
299,Luxembourg,LUX,Europe & Central Asia,2012,5.29,6029.0,83.63,14.84,1.53,11.49
300,Luxembourg,LUX,Europe & Central Asia,2013,5.24,6357.0,83.86,14.68,1.46,11.22
301,Luxembourg,LUX,Europe & Central Asia,2014,5.23,6547.0,84.26,14.34,1.4,11.11
302,Luxembourg,LUX,Europe & Central Asia,2015,5.08,5422.0,84.51,14.11,1.38,10.75
303,Luxembourg,LUX,Europe & Central Asia,2016,5.07,5475.0,84.44,14.24,1.32,10.77
304,Luxembourg,LUX,Europe & Central Asia,2017,5.14,5713.0,84.78,13.84,1.38,10.69
305,Luxembourg,LUX,Europe & Central Asia,2018,5.28,6227.0,84.92,13.67,1.41,10.47
306,Luxembourg,LUX,Europe & Central Asia,2019,5.47,6222.0,85.87,12.8,1.33,9.62
307,Luxembourg,LUX,Europe & Central Asia,2020,5.74,6786.0,87.36,11.4,1.24,8.42
308,Luxembourg,LUX,Europe & Central Asia,2021,5.67,7636.0,86.91,11.93,1.17,8.93
309,Luxembourg,LUX,Europe & Central Asia,2022,5.46,6956.0,86.9,11.95,1.15,8.84
310,Mexico,MEX,Latin America & Caribbean,2009,6.12978411,496.8142395,46.66847229,53.33152771,,47.35383987
311,Mexico,MEX,Latin America & Caribbean,2010,5.73688889,539.26550293,50.21874619,49.78125381,,43.50876617
312,Mexico,MEX,Latin America & Caribbean,2011,5.51883602,570.73046875,52.8038826,47.1961174,,40.73421097
313,Mexico,MEX,Latin America & Caribbean,2012,5.66522074,587.82843018,53.0821228,46.9178772,,40.64141083
314,Mexico,MEX,Latin America & Caribbean,2013,5.80923605,631.21350098,53.75115967,46.24884415,,39.87906647
315,Mexico,MEX,Latin America & Caribbean,2014,5.55340958,615.10314941,52.08169937,47.91830063,,40.87202454
316,Mexico,MEX,Latin America & Caribbean,2015,5.72277355,558.1651001,52.20096588,47.79903793,,41.04377365
317,Mexico,MEX,Latin America & Caribbean,2016,5.55345821,492.87399292,51.27971649,48.72028351,,41.3722229
318,Mexico,MEX,Latin America & Caribbean,2017,5.45759058,514.88970947,50.53536606,49.46463013,,41.78836441
319,Mexico,MEX,Latin America & Caribbean,2018,5.38345814,530.64782715,49.62833023,50.37167358,,42.30939865
320,Mexico,MEX,Latin America & Caribbean,2019,5.44796371,552.70422363,49.16729355,50.83270264,,42.28219223
321,Mexico,MEX,Latin America & Caribbean,2020,6.22204065,538.51751709,52.88224792,47.09709167,0.02066442,38.76134109
322,Mexico,MEX,Latin America & Caribbean,2021,6.07868719,610.64532471,50.09624481,49.79109573,0.11266483,41.37071991
323,Netherlands,NLD,Europe & Central Asia,2009,9.99,5283.0,68.05,31.93,0.02,9.07
324,Netherlands,NLD,Europe & Central Asia,2010,10.16,5192.0,68.42,31.57,0.02,9.1
325,Netherlands,NLD,Europe & Central Asia,2011,10.23,5562.0,68.38,31.6,0.02,9.48
326,Netherlands,NLD,Europe & Central Asia,2012,10.54,5285.0,68.46,31.52,0.02,10.09
327,Netherlands,NLD,Europe & Central Asia,2013,10.58,5533.0,69.01,30.97,0.02,11.53
328,Netherlands,NLD,Europe & Central Asia,2014,10.57,5602.0,67.83,32.15,0.02,11.59
329,Netherlands,NLD,Europe & Central Asia,2015,10.32,4677.0,66.05,33.92,0.02,11.29
330,Netherlands,NLD,Europe & Central Asia,2016,10.06,4644.0,66.05,33.92,0.02,11.29
331,Netherlands,NLD,Europe & Central Asia,2017,10.11,4935.0,64.32,35.66,0.02,11.05
332,Netherlands,NLD,Europe & Central Asia,2018,10.02,5331.0,65.73,34.24,0.03,10.79
333,Netherlands,NLD,Europe & Central Asia,2019,10.14,5341.0,65.99,33.98,0.03,10.42
334,Netherlands,NLD,Europe & Central Asia,2020,11.21,5858.0,68.89,31.09,0.02,9.29
335,Netherlands,NLD,Europe & Central Asia,2021,11.29,6539.0,69.73,30.26,0.01,9.38
336,New Zealand,NZL,East Asia & Pacific,2009,9.62076378,2713.81420898,77.72038269,22.28064919,,12.35644341
337,New Zealand,NZL,East Asia & Pacific,2010,9.59277534,3233.77856445,78.27069092,21.7289238,,11.95806503
338,New Zealand,NZL,East Asia & Pacific,2011,9.51987362,3656.73071289,78.7793045,21.21835518,,12.09849358
339,New Zealand,NZL,East Asia & Pacific,2012,9.65163612,3856.1730957,78.51128387,21.49136162,,12.26557541
340,New Zealand,NZL,East Asia & Pacific,2013,9.36019325,4014.97460938,77.63804626,22.36156273,,12.37111568
341,New Zealand,NZL,East Asia & Pacific,2014,9.40168381,4192.74365234,77.43386841,22.56523514,,12.85031033
342,New Zealand,NZL,East Asia & Pacific,2015,9.28344345,3600.95629883,74.69454193,25.30646896,,13.36479568
343,New Zealand,NZL,East Asia & Pacific,2016,9.24379444,3739.40136719,74.55416107,25.44664383,,13.57569122
344,New Zealand,NZL,East Asia & Pacific,2017,8.96694851,3903.68041992,75.4573822,24.54491043,,13.57738495
345,New Zealand,NZL,East Asia & Pacific,2018,9.0351162,3957.86083984,74.8283844,25.16800308,,12.91278267
346,New Zealand,NZL,East Asia & Pacific,2019,9.49310207,4085.78808594,75.53417969,25.02498436,,12.1900444
347,New Zealand,NZL,East Asia & Pacific,2020,10.07205391,4223.22167969,77.87045288,22.12965965,,11.41246796
348,New Zealand,NZL,East Asia & Pacific,2021,10.04858398,4906.07080078,77.03884125,22.96116066,,11.6666584
349,Norway,NOR,Europe & Central Asia,2009,9.03,7302.0,84.44,15.51,0.05,15.25
350,Norway,NOR,Europe & Central Asia,2010,8.86,7860.0,84.68,15.27,0.05,15.05
351,Norway,NOR,Europe & Central Asia,2011,8.73,8900.0,84.42,15.58,0.0,15.21
352,Norway,NOR,Europe & Central Asia,2012,8.72,8970.0,84.76,15.24,0.0,14.8
353,Norway,NOR,Europe & Central Asia,2013,8.87,9241.0,85.02,14.98,0.0,14.59
354,Norway,NOR,Europe & Central Asia,2014,9.28,9118.0,85.29,14.71,0.0,14.38
355,Norway,NOR,Europe & Central Asia,2015,10.07,7566.0,85.51,14.49,0.0,14.14
356,Norway,NOR,Europe & Central Asia,2016,10.53,7497.0,85.38,14.62,0.0,14.27
357,Norway,NOR,Europe & Central Asia,2017,10.23,7816.0,85.12,14.88,0.0,14.51
358,Norway,NOR,Europe & Central Asia,2018,9.96,8272.0,85.7,14.3,0.0,13.97
359,Norway,NOR,Europe & Central Asia,2019,10.44,8007.0,85.72,14.28,0.0,13.92
360,Norway,NOR,Europe & Central Asia,2020,11.42,7825.0,85.97,14.03,0.0,13.79
361,Norway,NOR,Europe & Central Asia,2021,10.08,9163.0,85.9,14.1,0.0,13.85
362,Norway,NOR,Europe & Central Asia,2022,8.14,8693.0,85.68,14.32,0.0,14.08
363,Poland,POL,Europe & Central Asia,2009,6.59,760.0,71.75,28.25,,24.52
364,Poland,POL,Europe & Central Asia,2010,6.47,809.0,71.35,28.65,,23.87
365,Poland,POL,Europe & Central Asia,2011,6.29,866.0,71.03,28.97,,23.96
366,Poland,POL,Europe & Central Asia,2012,6.27,815.0,69.83,30.17,,24.27
367,Poland,POL,Europe & Central Asia,2013,6.48,878.0,70.3,29.57,0.14,23.8
368,Poland,POL,Europe & Central Asia,2014,6.43,911.0,69.94,30.03,0.04,23.01
369,Poland,POL,Europe & Central Asia,2015,6.4,804.0,69.33,30.63,0.04,23.31
370,Poland,POL,Europe & Central Asia,2016,6.59,816.0,68.64,31.32,0.03,23.09
371,Poland,POL,Europe & Central Asia,2017,6.58,910.0,68.82,31.15,0.03,23.06
372,Poland,POL,Europe & Central Asia,2018,6.31,979.0,71.09,28.86,0.06,20.79
373,Poland,POL,Europe & Central Asia,2019,6.46,1014.0,71.38,28.56,0.06,20.44
374,Poland,POL,Europe & Central Asia,2020,6.5,1026.0,71.89,28.04,0.06,20.03
375,Poland,POL,Europe & Central Asia,2021,6.44,1159.0,72.1,27.84,0.06,20.31
376,Poland,POL,Europe & Central Asia,2022,6.68,1225.0,,,,
377,Portugal,PRT,Europe & Central Asia,2009,10.13,2347.0,63.8,36.14,0.05,25.1
378,Portugal,PRT,Europe & Central Asia,2010,10.03,2259.0,66.52,33.44,0.05,24.71
379,Portugal,PRT,Europe & Central Asia,2011,9.73,2256.0,64.51,35.44,0.05,26.65
380,Portugal,PRT,Europe & Central Asia,2012,9.65,1980.0,61.28,38.66,0.06,29.58
381,Portugal,PRT,Europe & Central Asia,2013,9.4,2031.0,62.29,37.65,0.06,28.79
382,Portugal,PRT,Europe & Central Asia,2014,9.34,2060.0,61.74,38.2,0.06,29.33
383,Portugal,PRT,Europe & Central Asia,2015,9.32,1791.0,61.67,38.27,0.06,29.53
384,Portugal,PRT,Europe & Central Asia,2016,9.39,1875.0,61.57,38.34,0.09,29.43
385,Portugal,PRT,Europe & Central Asia,2017,9.31,1998.0,61.14,38.77,0.09,29.69
386,Portugal,PRT,Europe & Central Asia,2018,9.41,2216.0,61.16,38.77,0.07,29.92
387,Portugal,PRT,Europe & Central Asia,2019,9.51,2222.0,60.78,39.15,0.07,30.61
388,Portugal,PRT,Europe & Central Asia,2020,10.55,2346.0,64.22,35.7,0.07,28.02
389,Portugal,PRT,Europe & Central Asia,2021,11.14,2747.0,63.11,36.79,0.1,28.99
390,Portugal,PRT,Europe & Central Asia,2022,10.62,2586.0,,,,
391,Slovak Republic,SVK,Europe & Central Asia,2009,7.95,1320.0,71.64,28.36,,22.42
392,Slovak Republic,SVK,Europe & Central Asia,2010,7.67,1297.0,71.0,29.0,,22.8
393,Slovak Republic,SVK,Europe & Central Asia,2011,7.3,1352.0,72.11,27.89,,23.57
394,Slovak Republic,SVK,Europe & Central Asia,2012,7.54,1319.0,71.12,28.88,,23.23
395,Slovak Republic,SVK,Europe & Central Asia,2013,7.5,1370.0,73.31,26.69,,23.32
396,Slovak Republic,SVK,Europe & Central Asia,2014,6.88,1289.0,79.33,20.67,,18.01
397,Slovak Republic,SVK,Europe & Central Asia,2015,6.76,1109.0,78.74,21.26,,18.44
398,Slovak Republic,SVK,Europe & Central Asia,2016,7.09,1176.0,79.96,20.04,,17.89
399,Slovak Republic,SVK,Europe & Central Asia,2017,6.76,1189.0,79.04,20.95,,18.71
400,Slovak Republic,SVK,Europe & Central Asia,2018,6.67,1300.0,79.21,20.78,,18.91
401,Slovak Republic,SVK,Europe & Central Asia,2019,6.92,1342.0,78.82,21.18,,19.16
402,Slovak Republic,SVK,Europe & Central Asia,2020,7.13,1394.0,80.27,19.73,,18.75
403,Slovak Republic,SVK,Europe & Central Asia,2021,7.75,1685.0,79.73,20.27,0.0,19.4
404,Spain,ESP,Europe & Central Asia,2009,9.10764122,2937.71826172,75.07224274,24.92775536,,19.01673698
405,Spain,ESP,Europe & Central Asia,2010,9.11891174,2789.63720703,74.44487762,25.55512238,,20.29029274
406,Spain,ESP,Europe & Central Asia,2011,9.1679697,2908.91967773,73.48394012,26.51605606,,20.3919754
407,Spain,ESP,Europe & Central Asia,2012,9.15415382,2590.2253418,72.10810089,27.8918972,,21.80739594
408,Spain,ESP,Europe & Central Asia,2013,9.06397724,2629.46679688,71.0064621,28.99353981,,22.77473259
409,Spain,ESP,Europe & Central Asia,2014,9.08488464,2679.4765625,70.26394653,29.73605728,,23.13479424
410,Spain,ESP,Europe & Central Asia,2015,9.12207508,2349.09375,71.31565094,28.68435097,,22.29722214
411,Spain,ESP,Europe & Central Asia,2016,8.94727325,2376.60107422,71.55289459,28.44710541,,21.95977974
412,Spain,ESP,Europe & Central Asia,2017,8.94491291,2524.68481445,70.50817871,29.49181938,,22.24563599
413,Spain,ESP,Europe & Central Asia,2018,8.99686718,2741.38256836,70.22432709,29.77567673,,22.24442673
414,Spain,ESP,Europe & Central Asia,2019,9.1456852,2716.83349609,70.547966,29.45203781,,21.83183861
415,Spain,ESP,Europe & Central Asia,2020,10.74565983,2899.01879883,73.14463043,26.85536766,,19.72846413
416,Spain,ESP,Europe & Central Asia,2021,10.74003887,3234.29296875,71.60453033,28.39546585,,20.99674988
417,Sweden,SWE,Europe & Central Asia,2009,8.77,4136.0,82.51,17.49,,16.4
418,Sweden,SWE,Europe & Central Asia,2010,8.32,4416.0,82.49,17.51,,16.38
419,Sweden,SWE,Europe & Central Asia,2011,10.42,6351.0,84.48,15.52,,14.55
420,Sweden,SWE,Europe & Central Asia,2012,10.74,6254.0,84.22,15.78,,14.81
421,Sweden,SWE,Europe & Central Asia,2013,10.9,6697.0,84.02,15.98,,14.93
422,Sweden,SWE,Europe & Central Asia,2014,10.95,6606.0,84.03,15.97,,14.92
423,Sweden,SWE,Europe & Central Asia,2015,10.8,5599.0,83.96,16.04,,14.9
424,Sweden,SWE,Europe & Central Asia,2016,10.85,5681.0,84.26,15.74,,14.49
425,Sweden,SWE,Europe & Central Asia,2017,10.79,5838.0,84.71,15.29,,14.09
426,Sweden,SWE,Europe & Central Asia,2018,10.94,6005.0,84.78,15.22,,13.96
427,Sweden,SWE,Europe & Central Asia,2019,10.83,5653.0,85.12,14.88,,13.71
428,Sweden,SWE,Europe & Central Asia,2020,11.33,6003.0,86.18,13.82,,12.83
429,Sweden,SWE,Europe & Central Asia,2021,11.25,6901.0,85.92,14.08,,13.08
430,Sweden,SWE,Europe & Central Asia,2022,10.67,5980.0,,,,
431,Switzerland,CHE,Europe & Central Asia,2009,10.1415062,7297.37988281,32.14887238,67.85113525,0.0,26.20129585
432,Switzerland,CHE,Europe & Central Asia,2010,9.93353558,7640.44921875,33.86542892,66.13457489,0.0,25.58391571
433,Switzerland,CHE,Europe & Central Asia,2011,10.04628563,9138.3671875,34.56546402,65.43453217,0.0,25.13305092
434,Switzerland,CHE,Europe & Central Asia,2012,10.14446354,8753.8203125,35.45184326,64.54816437,0.0,25.01251602
435,Switzerland,CHE,Europe & Central Asia,2013,10.37922478,9118.18945313,33.81949997,66.18049622,0.0,24.77769089
436,Switzerland,CHE,Europe & Central Asia,2014,10.42800808,9307.96875,33.95838928,66.04161072,0.0,24.33957672
437,Switzerland,CHE,Europe & Central Asia,2015,10.77887917,9082.45019531,33.47252274,66.52748108,0.0,23.9412899
438,Switzerland,CHE,Europe & Central Asia,2016,10.9900341,9078.75878906,33.5905304,66.4094696,0.0,23.29603767
439,Switzerland,CHE,Europe & Central Asia,2017,11.0451622,9119.96972656,33.84525299,66.15475464,0.0,23.40680122
440,Switzerland,CHE,Europe & Central Asia,2018,10.77226162,9212.43261719,34.19487,65.80513,0.0,23.74767685
441,Switzerland,CHE,Europe & Central Asia,2019,11.06363678,9341.0625,33.6607132,66.3392868,0.0,23.77205276
442,Switzerland,CHE,Europe & Central Asia,2020,11.73206806,10085.45605469,35.9096756,64.0903244,0.0,22.89645958
443,Switzerland,CHE,Europe & Central Asia,2021,11.80107975,10897.45019531,36.21349335,63.78650284,0.0,22.70652771
444,Turkiye,TUR,Europe & Central Asia,2009,5.49,494.0,80.5,19.5,,14.51
445,Turkiye,TUR,Europe & Central Asia,2010,5.02,533.0,78.0,22.0,,16.87
446,Turkiye,TUR,Europe & Central Asia,2011,4.65,526.0,79.13,20.87,,15.9
447,Turkiye,TUR,Europe & Central Asia,2012,4.44,520.0,79.17,20.83,,15.93
448,Turkiye,TUR,Europe & Central Asia,2013,4.37,547.0,78.35,21.65,,16.93
449,Turkiye,TUR,Europe & Central Asia,2014,4.33,520.0,77.61,22.39,,17.73
450,Turkiye,TUR,Europe & Central Asia,2015,4.12,447.0,78.13,21.87,,16.95
451,Turkiye,TUR,Europe & Central Asia,2016,4.28,460.0,78.44,21.56,,16.47
452,Turkiye,TUR,Europe & Central Asia,2017,4.18,437.0,77.71,22.29,,17.38
453,Turkiye,TUR,Europe & Central Asia,2018,4.12,388.0,77.38,22.62,,17.49
454,Turkiye,TUR,Europe & Central Asia,2019,4.37,397.0,77.69,22.31,,17.05
455,Turkiye,TUR,Europe & Central Asia,2020,4.62,395.0,78.85,21.15,,16.43
456,Turkiye,TUR,Europe & Central Asia,2021,4.57,441.0,78.8,21.2,,16.27
457,United Kingdom,GBR,Europe & Central Asia,2009,10.04505444,3914.19580078,81.22750092,18.76515961,0.00733529,14.61379528
458,United Kingdom,GBR,Europe & Central Asia,2010,9.92673969,3956.38891602,81.08560181,18.90656853,0.00782608,14.83723164
459,United Kingdom,GBR,Europe & Central Asia,2011,9.92486763,4199.08398438,81.08097839,18.91049576,0.00852416,14.82185364
460,United Kingdom,GBR,Europe & Central Asia,2012,9.95296001,4242.23486328,80.85187531,19.1390934,0.00903562,15.07844067
461,United Kingdom,GBR,Europe & Central Asia,2013,9.87251186,4304.47802734,80.65883636,19.33130074,0.00985875,15.31006908
462,United Kingdom,GBR,Europe & Central Asia,2014,9.86246872,4697.76025391,80.74802399,19.24232864,0.00964439,15.29448986
463,United Kingdom,GBR,Europe & Central Asia,2015,9.79776669,4433.85839844,80.79587555,19.19352913,0.0105976,15.39231491
464,United Kingdom,GBR,Europe & Central Asia,2016,9.72899723,4017.34228516,81.2793808,18.70923615,0.01138824,15.38864422
465,United Kingdom,GBR,Europe & Central Asia,2017,9.5958786,3910.81420898,80.77609253,19.21133232,0.01257493,15.70869541
466,United Kingdom,GBR,Europe & Central Asia,2018,9.73079777,4226.20507813,80.07192993,19.91610527,0.01196724,16.46084976
467,United Kingdom,GBR,Europe & Central Asia,2019,9.95761967,4268.67724609,80.01869202,19.96960068,0.01170372,16.61176109
468,United Kingdom,GBR,Europe & Central Asia,2020,12.15863419,4906.23974609,83.70368958,16.28620911,0.01010248,13.5569973
469,United Kingdom,GBR,Europe & Central Asia,2021,12.36469936,5738.48486328,83.69000244,16.29966164,0.01033909,13.51221371
470,United Kingdom,GBR,Europe & Central Asia,2022,11.34454918,5138.63623047,,,,
471,United States,USA,North America,2009,16.20063591,7602.74560547,48.50181961,51.4981842,0.0,12.64768028
472,United States,USA,North America,2010,16.19719124,7833.04492188,48.84960175,51.15039444,0.0,12.36791706
473,United States,USA,North America,2011,16.13996315,8021.59326172,48.93149185,51.06850815,0.0,12.32014465
474,United States,USA,North America,2012,16.11969566,8274.37207031,48.82702637,51.17297745,0.0,12.3353653
475,United States,USA,North America,2013,15.99170876,8433.69824219,49.496315,50.50368118,0.0,12.28748417
476,United States,USA,North America,2014,16.19919777,8828.4765625,50.77487946,49.22512054,0.0,11.98743725
477,United States,USA,North America,2015,16.49056816,9248.93457031,51.37872314,48.62127304,0.0,11.77453041
478,United States,USA,North America,2016,16.80215836,9599.890625,51.19651794,48.80348587,0.0,11.64962196
479,United States,USA,North America,2017,16.76750183,9902.81835938,51.16881943,48.83118439,0.0,11.41782665
480,United States,USA,North America,2018,16.62964439,10280.52636719,51.44694519,48.55305481,0.0,11.32823181
481,United States,USA,North America,2019,16.66580582,10658.39746094,51.806633,48.193367,0.0,11.30830574
482,United States,USA,North America,2020,18.75621986,11758.42480469,57.00815201,42.99185181,0.0,9.93104649
483,United States,USA,North America,2021,17.3625679,12012.24121094,55.40325165,44.59674835,0.0,10.70016861
484,United States,USA,North America,2022,16.57115173,12473.79101563,,,,
